-- MySQL dump 10.16  Distrib 10.1.16-MariaDB, for Win32 (AMD64)
--
-- Host: localhost    Database: sdxod
-- ------------------------------------------------------
-- Server version	5.7.14

/*!40101 SET @OLD_CHARACTER_SET_CLIENT=@@CHARACTER_SET_CLIENT */;
/*!40101 SET @OLD_CHARACTER_SET_RESULTS=@@CHARACTER_SET_RESULTS */;
/*!40101 SET @OLD_COLLATION_CONNECTION=@@COLLATION_CONNECTION */;
/*!40101 SET NAMES utf8 */;
/*!40103 SET @OLD_TIME_ZONE=@@TIME_ZONE */;
/*!40103 SET TIME_ZONE='+00:00' */;
/*!40014 SET @OLD_UNIQUE_CHECKS=@@UNIQUE_CHECKS, UNIQUE_CHECKS=0 */;
/*!40014 SET @OLD_FOREIGN_KEY_CHECKS=@@FOREIGN_KEY_CHECKS, FOREIGN_KEY_CHECKS=0 */;
/*!40101 SET @OLD_SQL_MODE=@@SQL_MODE, SQL_MODE='NO_AUTO_VALUE_ON_ZERO' */;
/*!40111 SET @OLD_SQL_NOTES=@@SQL_NOTES, SQL_NOTES=0 */;

--
-- Current Database: `sdxod`
--

CREATE DATABASE /*!32312 IF NOT EXISTS*/ `sdxod` /*!40100 DEFAULT CHARACTER SET utf8 COLLATE utf8_spanish_ci */;

USE `sdxod`;

--
-- Table structure for table `armazon`
--

DROP TABLE IF EXISTS `armazon`;
/*!40101 SET @saved_cs_client     = @@character_set_client */;
/*!40101 SET character_set_client = utf8 */;
CREATE TABLE `armazon` (
  `arm_id` int(11) NOT NULL,
  `arm_tipo` int(11) NOT NULL,
  `arm_marca` varchar(45) COLLATE utf8_spanish_ci NOT NULL,
  `arm_cristal` varchar(45) COLLATE utf8_spanish_ci NOT NULL,
  `arm_add` varchar(45) COLLATE utf8_spanish_ci NOT NULL,
  `arm_od_a` varchar(45) COLLATE utf8_spanish_ci NOT NULL,
  `arm_od_esf` varchar(45) COLLATE utf8_spanish_ci NOT NULL,
  `arm_od_cil` varchar(45) COLLATE utf8_spanish_ci NOT NULL,
  `arm_oi_a` varchar(45) COLLATE utf8_spanish_ci NOT NULL,
  `arm_oi_esf` varchar(45) COLLATE utf8_spanish_ci NOT NULL,
  `arm_oi_cil` varchar(45) COLLATE utf8_spanish_ci NOT NULL,
  `arm_dp` int(11) NOT NULL,
  `arm_endurecido` int(11) NOT NULL,
  `arm_capa` int(11) NOT NULL,
  `arm_plus_max` int(11) NOT NULL,
  `ficha_fch_id` int(11) NOT NULL,
  PRIMARY KEY (`arm_id`)
) ENGINE=MyISAM DEFAULT CHARSET=utf8 COLLATE=utf8_spanish_ci;
/*!40101 SET character_set_client = @saved_cs_client */;

--
-- Dumping data for table `armazon`
--

LOCK TABLES `armazon` WRITE;
/*!40000 ALTER TABLE `armazon` DISABLE KEYS */;
INSERT INTO `armazon` VALUES (50,1,'la3024-lavanett-c11','POLY ADELGAZADO AR','null','180','-2.25','-5.50','o','','-5.50',66,0,1,0,7023),(49,0,'','','','','','','','','',0,0,0,0,7023),(48,1,'al4434-alterna-c4','MINERAL HITELITE AR','null','10','-4.0','-2.25','60','-2.50','-2.00',65,0,1,0,7022),(47,0,'','','','','','','','','',0,0,0,0,7022),(45,0,'','','','','','','','','',0,0,0,0,7021),(46,1,'17pls013-sillonett-c1','CR 39 AR + FOTOCROMATICO','null','','-2.50','','','-2.00','',65,0,1,0,7021),(1,0,'','','','','','','','','',0,0,0,0,7000),(2,1,'ht55017-ravello-c3','CR 39 AR','null','160','-0.50','-1.50','15','-0.50','-1.75',60,0,1,0,7000),(43,0,'g06-gatusso-msilver','CR 39 AR','+3.50','','','','','','',61,0,1,0,7020),(44,1,'','','null','','O','','60','O','-1.00',64,0,0,0,7020),(42,1,'','','null','110','-0.50','-0.50','70','+1.00','-1.00',62,0,0,0,7019),(39,0,'as2031-atlantis-c12','ALTO INDICE 1.6 ADELGAZADO CR 39 + AR','','','+3.00','','','+3.00','',63,0,1,0,7018),(41,0,'pr3472-pierre robert-c12','CR 39 AR','+3.50','','','','','','',60,0,1,0,7019),(40,1,'dm7524-di monti-c11','CR 39 AR','null','','+3.74','','','+3.75','',65,0,1,0,7018),(38,1,'pr3476-pierre robert-c3','CR 39 AR','null','160','+1.25','-0.50','20','+1.00','-0.50',65,0,1,0,7017),(37,0,'c018-cnx-negro','CR 39 AR','2.75','','','','','','',63,0,1,0,7017),(36,1,'oakley','ALTO INDICE 1.6 ADELGAZADO CR 39 + AR','null','160','-6','-1','60','-9','-0.75',63,1,0,0,7016),(35,0,'','','','','','','','','',0,0,0,0,7016),(33,0,'','','','','','','','','',0,0,0,0,7015),(34,1,'COLUMBIA','CR 39 AR + FOTOCROMATICO','null','20','-1','-6','10','-1','-5',60,0,1,0,7015),(31,0,'','','','','','','','','',0,0,0,0,7014),(32,1,'xxx','CR 39 AR','null','','-4','','180','-2','-1',60,0,1,0,7014),(27,0,'','','','','','','','','',0,0,0,0,7012),(28,1,'COLUMBIA','A. INDICE 1.6 ADELG. CR 39 AR + FOTOCROMATICO','null','','','','','','',0,0,0,0,7012),(29,0,'','','','','','','','','',0,0,0,0,7013),(30,1,'ralph','CR 39 AR','null','10','-1','-0.5','','-2','',60,0,1,0,7013),(51,0,'','','','','','','','','',0,0,0,0,7024),(52,1,'fm05b-formosa-c2','CR 39 AR','null','0','','-1.75','1800','','-2.00',67,0,1,0,7024),(53,0,'','','+2.00','','','','','','',63,0,0,0,7025),(54,1,'vi8408-victoria-c3','BIFOCAL CR 39 AR','null','','+2.25','0','','+2.25','0',65,0,1,0,7025),(55,0,'al4434-alterna-c5','CR 39 AR','','','+2.25','','','+2.25','',70,0,1,0,7026),(56,1,'','','null','','','','','','',0,0,0,0,7026),(57,0,'','','','','','','','','',0,0,0,0,7027),(58,1,'pr3478-pierre robert-c1','CR 39 AR + FOTOCROMATICO','null','0','+2.00','-2.50','170','+1.50','-2.50',72,0,1,0,7027),(59,0,'','','+2.00','','','','','','',0,0,0,0,7028),(60,1,'g06-gatusso-msilver','CR 39 AR','null','125','-1.OO','-2.00','65','-1.00','-1.00',69,0,1,0,7028),(61,0,'nt309-lavanett-c3','CR 39 AR','','','+1.50','','','+1.50','',0,0,1,0,7029),(62,1,'','','null','10','-0.50','-1.00','170','-0.50','-1.00',0,0,0,0,7029),(63,0,'','','+2.00','','','','','','',67,0,0,0,7030),(64,1,'g06-gatusso-msilver','CR 39 AR','null','125','-1.00','-2.00','65','-1.00','-1.00',69,0,1,0,7030),(65,0,'ddmf6603-gatusso-c5','CR 39 AR','','','+1.50','','','+1.50','',65,0,1,0,7031),(66,1,'','','null','','+1.00','','','+0.50','',67,0,0,0,7031),(67,0,'c005-cnx-azul','CR 39 AR','+2.00','','','','','','',64,0,1,0,7032),(68,1,'','','null','','','','','','',0,0,0,0,7032),(69,0,'','','+1.75','','','','','','',58,0,0,0,7033),(70,1,'ddmf6603-gatusso-c3','BIFOCAL CR 39 AR','null','0','+1.50','-0.75','165','+1.50','-1.00',60,0,1,0,7033),(71,0,'pr3476-pierre robert-c5','CR 39 AR','','','+2.25','','','+2.25','',62,0,1,0,7034),(72,1,'','','null','','+0.50','','','+0.50','',64,0,0,0,7034),(73,0,'','','','','','','','','',0,0,0,0,7035),(74,1,'la401-lavanett-c8','CR 39 AR','null','10','-0.50','-0.50','165','-o.25','-0.50',72,0,1,0,7035),(75,0,'pr3472-pierre robert-c3','CR 39 AR','','','+1.75','','','+1.75','',62,0,1,0,7036),(76,1,'pr3472-pierre robert-c4','CR 39 AR','null','','-0.75','','','-0.75','',64,0,1,0,7036),(77,0,'','','+2.25','','','','','','',65,0,0,0,7037),(78,1,'g15-gatusso-s.black','BIFOCAL CR 39 AR','null','','+1.75','','0','+1.75','-2.00',67,0,1,0,7037),(79,0,'','','','','','','','','',0,0,0,0,7038),(80,1,'lt007-lavanett-c3','CR 39 AR','null','5','-0.50','-0.50','20','-0.50','-0.50',0,0,1,0,7038),(81,0,'','','','','','','','','',0,0,0,0,7039),(82,1,'nt230-lavanett-c1','CR 39 AR','null','150','-1.75','-0.75','40','-1.75','-0.75',64,0,1,0,7039),(83,0,'pr3516-pierre robert-c5','CR 39 AR','','','+2.00','','','+2.00','',62,0,1,0,7040),(84,1,'','','null','90','','+1.00','','','',64,0,0,0,7040),(85,0,'','','','','','','','','',0,0,0,0,7041),(86,1,'op026-optic100-rosa','CR 39 AR','null','25','-0.75','-0.75','160','-0.50','-1.0',64,0,1,0,7041),(87,0,'','','','','','','','','',0,0,0,0,7042),(88,1,'nt311-lavanett-c2','CR 39 AR','null','180','-0.75','-2.50','0','-1.0','-2.25',58,0,1,0,7042),(89,0,'pr3476-pierre robert-c8','CR 39 AR','','','+3.00','','','+3.00','',60,0,1,0,7043),(90,1,'pr3516-pierre robert-c6','CR 39 AR + FOTOCROMATICO','null','0','+1.25','-1.50','180','+2.00','-o.75',62,0,1,0,7043),(91,0,'','','','','','','','','',0,0,0,0,7044),(92,1,'al4486-alterna-c21','CR 39 AR','null','10','+2.00','-2.25','170','+1.00','-1.25',59,0,1,0,7044),(93,0,'','','+2.50','','','','','','',0,0,0,0,7045),(94,1,'c007-cnx-azul','CR 39 AR','null','80','-1.50','-0.50','90','-0.75','-0.75',68,1,0,0,7045),(95,0,'','','','','','','','','',0,0,0,0,7046),(96,1,'cp9002-cnx-c1','CR 39 AR','null','0','-0.75','-0.50','180','-0.75','-0.50',65,0,1,0,7046),(97,0,'','','','','','','','','',0,0,0,0,7047),(98,1,'al4464-alterna-c15','CR 39 AR','null','5','-0.50','-1.00','90','-0.50','-0.75',59,0,1,0,7047),(99,0,'','','','','','','','','',0,0,0,0,7048),(100,1,'pr3514-pierre robert-c8','CR 39 AR','null','','-1.50','0','105','0','-1.50',67,0,1,0,7048),(101,0,'armazon propio','MINERAL HITELITE AR','','','+1.25','','','+1.25','',67,0,1,0,7049),(102,1,'','','null','5','+1.00','-o.50','','+0.50','',69,0,0,0,7049),(103,0,'ddmf6603-gatusso-c2','CR 39 AR','','','+0.50','','','+0.50','',59,0,1,0,7050),(104,1,'','','null','','','','','','',0,0,0,0,7050),(105,0,'','','','','','','','','',0,0,0,0,7051),(106,1,'bg7454-bergman-c10','CR 39 AR','null','80','+0.25','-0.25','40','+0.25','-0.25',60,0,1,0,7051),(107,0,'pr3476-pierre robert-c11','CR 39 AR','','','+2.00','','','+2.00','',58,0,1,0,7052),(108,1,'','','null','','','','','','',60,0,0,0,7052),(109,0,'','','','','','','','','',0,0,0,0,7053),(110,1,'bg7421-bergman-c2','CR 39 AR + FOTOCROMATICO','null','170','0','-0.25','10','0','-0.25',65,0,1,0,7053),(111,0,'','','','','','','','','',0,0,0,0,7054),(112,1,'g15-gatusso-s.gold','CR 39 AR + FOTOCROMATICO','null','90','','+2.25','90','','+2.00',62,0,1,0,7054),(113,0,'','','','','','','','','',0,0,0,0,7055),(114,1,'pr3508-pierer robert-c9','ALTO INDICE 1.6 ADELGAZADO CR 39 + AR','null','20','-3.00','-2.00','145','-3.00','-1.50',70,0,1,0,7055),(115,0,'','','','','','','','','',0,0,0,0,7056),(116,1,'qf16-carlos rossi-c01','CR 39 AR','null','','-1.00','','','-0.75','',56,0,1,0,7056),(117,0,'','','','','','','','','',0,0,0,0,7057),(118,1,'propio','CR 39 AR','null','15','-2.50','-1.0','170','-2.0','-2.0',61,0,1,0,7057),(119,0,'','','','','','','','','',0,0,0,0,7058),(120,1,'op6008-optic100-c4','CR 39 AR','null','0','+1.00','-1.00','180','+1.00','-1.00',65,0,1,0,7058),(121,0,'','','','','','','','','',0,0,0,0,7059),(122,1,'cp8016-cnx-c9','CR 39 AR','null','20','+1.00','-2.00','170','-0.75','-0.50',62,0,1,0,7059),(123,0,'','','','','','','','','',0,0,0,0,7060),(124,1,'17xdls014-sillonette-c6','ALTO INDICE 1.6 ADELGAZADO CR 39 + AR','null','14','+1.75','-4.50','170','+1.75','-4.0',65,0,1,0,7060),(125,0,'','','','','','','','','',0,0,0,0,7061),(126,1,'al4418-alterna-c23','CR 39 AR','null','','-0.50','','','-0.50','',65,0,1,0,7061),(127,0,'','','','','','','','','',0,0,0,0,7062),(128,1,'op6013-optic100-c1','CR 39 AR','null','10','0','-0.75','0','0','-0.50',65,0,1,0,7062),(129,0,'','','','','','','','','',0,0,0,0,7063),(130,1,'nt121-lavanett-c1','CR 39 AR + FOTOCROMATICO','null','0','','-0.50','180','','-0.75',67,0,1,0,7063),(131,0,'','','','','','','','','',0,0,0,0,7064),(132,1,'op6005-optic100-c7','CR 39 AR','null','5','-0.50','-0.50','175','-0.50','-0.50',59,0,1,0,7064),(133,0,'','','','','','','','','',0,0,0,0,7065),(134,1,'bg7457-bergman-c55','MINERAL HITELITE AR + FOTOCROMATICO','null','','+1.50','','','+200','',65,0,1,0,7065),(135,0,'','','+1.50','','','','','','',63,0,0,0,7066),(136,1,'mo6450-mocatto-c7','CR 39 AR','null','0','0','+0.25','10','0','+0.25',65,0,1,0,7066),(137,0,'pr3476-perre robert-c10','CR 39 AR','+2.25','','','','','','',61,0,1,0,7067),(138,1,'','','null','100','+1.00','-0.50','105','+1.50','-0.50',63,0,0,0,7067),(139,0,'bg7458-bergman-c40','CR 39 AR','','','+1.25','','','+1.25','',68,0,0,0,7068),(140,1,'','','null','5','','-1.25','0','','-1.00',70,0,1,0,7068),(141,0,'c016-cnx-gun','CR 39 AR','','','+2.00','','','+2.00','',64,0,1,0,7069),(142,1,'','','null','','','','','','',0,0,0,0,7069),(143,0,'g06-gatusso-mbrown','CR 39 AR','','','+2.25','','','+2.25','',64,0,1,0,7070),(144,1,'','','null','','','','','','',0,0,0,0,7070),(145,0,'','','+3.00','','','','','','',0,0,0,0,7071),(146,1,'as2038-atlantis-c6','BIFOCAL CR 39 AR + FOTOCROMATICO','null','','-0.50','','','+0.25','',66,0,1,0,7071),(147,0,'','','','','','','','','',0,0,0,0,7072),(148,1,'fm06b-formosa-c4','CR 39 AR','null','','-2.50','','','-2.50','',59,0,1,0,7072),(149,0,'','','','','','','','','',0,0,0,0,7073),(150,1,'op6002-optic100-c14','CR 39 AR','null','0','-1.75','-0.50','180','-1.50','-0.50',62,0,1,0,7073),(151,0,'','','','','','','','','',0,0,0,0,7074),(152,1,'armazon propio','MINERAL HITELITE AR + FOTOCROMATICO','null','','+0.75','','105','','-1.25',67,0,1,0,7074),(153,0,'la495-lavanett-c2','CR 39 AR','','','+2.50','','','+2.50','',66,0,1,0,7075),(154,1,'','','null','','','','','','',0,0,0,0,7075),(155,0,'','','','','','','','','',0,0,0,0,7076),(156,1,'17xdls011-sillonett-c5','CR 39 AR + FOTOCROMATICO','null','0','-1.50','-1.50','180','-1.25','-2.00',69,0,1,0,7076),(157,0,'armazon propio','CR 39 AR','','','+1.50','','','+1.50','',64,0,1,0,7077),(158,1,'','','null','','','','','','',0,0,0,0,7077),(159,0,'','','+2.0','','','','','','',55,0,0,0,-7077),(160,1,'pr3478-pierre robert-c8','POLY ADELGAZADO AR','null','90','0','+3.50','10','+3.50','-6.0',57,0,1,0,-7077),(161,0,'','','+2.0','','','','','','',55,0,0,0,7078),(162,1,'pr3478-pierre robert-c8','POLY ADELGAZADO AR','null','90','0','+3.50','10','+3.50','-6.0',57,0,1,0,7078),(163,0,'','','+2.0','','','','','','',55,0,0,0,7079),(164,1,'pr3478-pierre robert-c5','POLY ADELGAZADO AR','null','90','0','+3.50','10','+3.50','-6.0',57,0,1,0,7079),(165,0,'g16-gatusso-s.gold','CR 39 AR','','','+1.75','','','+1.75','',64,0,1,0,7080),(166,1,'','','null','','','','','','',0,0,0,0,7080),(167,0,'','','','','','','','','',0,0,0,0,7081),(168,1,'op6008-optic100-c1','CR 39 AR','null','10','-3.25','-0.50','0','-3.25','-0.50',63,0,1,0,7081),(169,0,'c009-cnx-azul','CR 39 AR','','','+1.75','','','+1.75','',69,0,1,0,7082),(170,1,'','','null','','','','','','',0,0,0,0,7082),(171,0,'','','+1.75','','','','','','',62,0,0,0,7083),(172,1,'ddmf6603-gatusso-c4','BIFOCAL CR 39 AR + FOTOCROMATICO','null','','+1.50','0','','+1.25','',64,0,1,0,7083),(173,0,'','','','','','','','','',0,0,0,0,7084),(174,1,'op6009-optic100-c21','CR 39 AR','null','170','-0.50','-0.50','','-0.75','',65,0,1,0,7084),(175,0,'','','+2.00','','','','','','',0,0,0,0,7085),(176,1,'op7109-optic100-c6','CR 39 AR','null','95','+0.50','-1.25','90','+1.00','-1.50',66,0,1,0,7085),(177,0,'','','','','','','','','',0,0,0,0,7086),(178,1,'17xdls034-sillonett-c1','CR 39 AR','null','90','0','+2.00','100','0','+1.50',64,0,1,0,7086),(179,0,'','','','','','','','','',0,0,0,0,7087),(180,1,'cp9006-cnx-c1','CR 39 AR','null','','-1.00','','15','-1.50','-1.00',65,0,1,0,7087),(181,0,'','','+1.75','','','','','','',0,0,0,0,7088),(182,1,'cp8017-cnx-c18','CR 39 AR','null','25','+2.50','-3.50','160','+2.50','-3.50',64,0,1,0,7088),(183,0,'nt290-lavanett-c1','CR 39 AR','','','+2.25','','','+2.25','',63,0,1,0,7089),(184,1,'','','null','','','','','','',0,0,1,0,7089),(185,0,'','','','','','','','','',0,0,0,0,7090),(186,1,'al4434-alterna-c1','POLY ADELGAZADO AR','null','145','+1.50','-4.50','35','+1.50','-4.50',59,0,1,0,7090),(187,0,'','','+1.75','','','','','','',61,0,0,0,7091),(188,1,'cliente','A. INDICE 1.6 ADELG. CR 39 AR + FOTOCROMATICO','null','10','+3.00','-0.75','162','+6.50','-7.00',63,0,1,0,7091),(189,0,'pr3478-pierre robert-c4','CR 39 AR','','','+100','','','+0.75','',68,0,1,0,7092),(190,1,'','','null','','','','','','',0,0,0,0,7092),(191,0,'','','','','','','','','',0,0,0,0,7093),(192,1,'bg7458-bergman-c69','CR 39 AR','null','30','-0.25','-0.25','140','-0.25','-0.25',63,0,1,0,7093),(193,0,'as2059-atlantis-c11','CR 39 AR','','','+1.75','','','+1.75','',0,0,1,0,7094),(194,1,'','','null','','','','','','',0,0,0,0,7094),(195,0,'','','+3.00','','','','','','',63,0,0,0,7095),(196,1,'armazon propio','CR 39 AR','null','180','+1.25','-2.50','60','+0.25','-0.50',65,0,1,0,7095),(197,0,'','','','','','','','','',0,0,0,0,7096),(198,1,'bg7435-bergman-c26','ALTO INDICE 1.6 ADELGAZADO CR 39 + AR','null','35','-3.00','-3.00','150','-2.50','-2.00',65,0,1,0,7096),(199,0,'','','','','','','','','',0,0,0,0,7097),(200,1,'op8005-optic100-c10','CR 39 AR','null','0','+0.75','-1.25','90','+0.75','+0.75',57,0,1,0,7097),(201,0,'','','','','','','','','',0,0,0,0,7098),(202,1,'lj014-lavanett junior-c2','CR 39 AR','null','5','+1.25','-1.00','0','+1.25','-0.50',57,0,1,0,7098),(203,0,'pr3450-pierre robert-c2','CR 39 AR','+3.00','','','','','','',62,0,1,0,7099),(204,1,'17pls013-sillonett-c3','CR 39 AR + FOTOCROMATICO','null','90','+2.00','-1.50','15','+2.00','-0.50',64,0,1,0,7099),(205,0,'','','','','','','','','',0,0,0,0,7100),(206,1,'as2021-atlantis-c12','CR 39 AR','null','75','-1.00','-0.75','90','-0.75','-0.75',67,0,1,0,7100),(207,0,'','','','','','','','','',0,0,0,0,7101),(208,1,'nt283-lavanett-c5','CR 39 AR','null','','-1.50','','','-1.25','',62,0,1,0,7101),(209,0,'g05-gatusso-m.blue','CR 39 AR','+2.00','','','','','','',0,0,1,0,7102),(210,1,'','','null','20','0','-0.50','180','0','-0.50',64,0,0,0,7102),(211,0,'op7107-optic100-c1','CR 39 AR','+2.25','','','','','','',60,0,1,0,7103),(212,1,'','','null','','','','90','+1.00','-0.50',62,0,0,0,7103),(213,0,'op006-optic100-gun','CR 39 AR','+2.50','','','','','','',65,0,1,0,7104),(214,1,'','','null','82','0','-0.50','165','+1.0','-0.50',67,0,0,0,7104),(215,0,'','','+3.00','','','','','','',56,0,0,0,7105),(216,1,'pr3514-pierre robert-c10','BIFOCAL CR 39 AR + FOTOCROMATICO','null','30','-0.75','-0.50','145','+1.0','-0.50',58,0,1,0,7105),(217,0,'','','+2.50','','','','','','',65,0,0,0,7106),(218,1,'la383-lavanett-c2','CR 39 AR','null','95','','-1.25','85','+0.50','-0.75',67,0,1,0,7106),(219,0,'','','','','','','','','',0,0,0,0,7107),(220,1,'g09-gatusso-m.purple','ALTO INDICE 1.6 ADELGAZADO CR 39 + AR','null','155','-6.50','-1.50','0','-6.50','-2.50',64,0,1,0,7107),(221,0,'al4461-alterna-c26','CR 39 AR','+3.00','','','','','','',58,0,1,0,7108),(222,1,'','','null','','+1.50','','','+1.25','',60,0,0,0,7108),(223,0,'','','','','','','','','',0,0,0,0,7109),(224,1,'bg7435-bergman-c1','CR 39 AR','null','25','-0.50','-0.25','155','-0.50','-0.25',62,0,1,0,7109),(225,0,'','','','','','','','','',0,0,0,0,7110),(226,1,'17xdls005-sillonett-c1','CR 39 AR','null','140','-0.25','-0.75','50','-0.25','-0.50',59,0,0,0,7110),(227,0,'','','','','','','','','',0,0,0,0,7111),(228,1,'g04-gatusso-s.black','CR 39 AR','null','','-0.25','','','-0.75','',62,0,1,0,7111),(229,0,'','','','','','','','','',0,0,0,0,7112),(230,1,'g06-gatusso-m.black','CR 39 AR','null','180','-3.50','-0.50','','-3.50','',63,0,1,0,7112),(231,0,'','','','','','','','','',0,0,0,0,7113),(232,1,'pr3472-pierre robert-c2','CR 39 AR','null','175','0','-2.0','170','-0.75','-0.50',60,0,1,0,7113),(233,0,'al4434-alterna-c6','MINERAL HITELITE AR','+2.50','','','','','','',63,0,1,0,7114),(234,1,'ddmf6603-gatusso-c1','MINERAL HITELITE AR','null','100','+0.50','+3.50','80','0','+4.50',65,0,1,0,7114),(235,0,'cp8016-cnx-c9','CR 39 AR','+2.25','','','','','','',63,0,1,0,7115),(236,1,'cp9006-cnx-c4','CR 39 AR','null','','+2.00','','','+2.00','',65,0,1,0,7115),(237,0,'g16-gatusso-s.gold','CR 39 AR','+3.00','','','','','','',63,0,1,0,7116),(238,1,'g15-gatusso-s.black','CR 39 AR','null','','+1.00','','','+1.00','',65,0,1,0,7116),(239,0,'nt073-lavanett-c3','CR 39 AR','','','+2.00','','','+2.00','',59,0,1,0,7117),(240,1,'','','null','','','','','','',0,0,0,0,7117),(241,0,'','','+1.00','','','','','','',67,0,0,0,7118),(242,1,'as2048-atlantis-c3','BIFOCAL CR 39 AR + FOTOCROMATICO','null','175','','-2.50','8','','-3.00',69,0,1,0,7118),(243,0,'','','+2.00','','','','','','',63,0,0,0,7119),(244,1,'18xdl013-sillonett-c1','CR 39 AR','null','95','+0.50','-1.50','99','0','-2.00',65,0,1,0,7119),(245,0,'','','','','','','','','',0,0,0,0,7120),(246,1,'17xdls011-sillonett-c1','CR 39 AR + FOTOCROMATICO','null','5','-1.00','-1.25','15','-1.25','-1.50',63,0,1,0,7120),(247,0,'','','','','','','','','',0,0,0,0,7121),(248,1,'pr3450-pierre robert-c4','CR 39 AR','null','80','-050','-0.75','100','-0.50','-1.00',65,0,1,0,7121),(249,0,'','','','','','','','','',0,0,0,0,7122),(250,1,'17xdls008-sillonett-c1','CR 39 AR','null','10','-1.00','-0.75','160','-0.50','-1.50',64,0,1,0,7122),(251,0,'','','+2.25','','','','','','',0,0,0,0,7123),(252,1,'g03-gatusso-s.blue','CR 39 AR','null','0','+2.50','-0.75','0','+2.50','-0.75',65,0,1,0,7123),(253,0,'','','','','','','','','',0,0,0,0,7124),(254,1,'fm06b-formosa-c5','CR 39 AR','null','','','','','','',58,0,1,0,7124),(255,0,'c016-cnx-gun','CR 39 AR','+2.00','','','','','','',58,0,1,0,7125),(256,1,'','','null','','+0.25','','','+0.50','',60,0,0,0,7125),(257,0,'la490-lavanett-c8','CR 39 AR','','','+1.25','','','+1.25','',60,0,1,0,7126),(258,1,'','','null','','','','','','',0,0,0,0,7126),(259,0,'dm7528-di monti-c10','CR 39 AR','','','+150','','','+150','',59,0,1,0,7127),(260,1,'','','null','','','','','','',0,0,0,0,7127),(261,0,'g03-gatusso-s.black','CR 39 AR','','','+1.50','','','+1.50','',61,0,1,0,7128),(262,1,'','','null','','','','','','',0,0,0,0,7128),(263,0,'bg7401-bergman-c3','CR 39 AR','+1.50','','','','','','',0,0,1,0,7129),(264,1,'','','null','','+1.25','','','+1.25','',65,0,0,0,7129),(265,0,'','','','','','','','','',0,0,0,0,7130),(266,1,'la385-lavanett-c8','CR 39 AR','null','180','+0.50','-0.75','0','+0.50','-1.00',65,0,1,0,7130),(267,0,'','','','','','','','','',0,0,0,0,7131),(268,1,'la337-lavanett-c6','CR 39 AR','null','95','-0.25','-0.50','105','-0.25','-0.50',72,0,1,0,7131),(269,0,'cliente','POLY ADELGAZADO AR','+2.50','','','','','','',62,0,1,0,7132),(270,1,'','','null','75','+1.00','-0.50','','+1.50','',64,0,0,0,7132),(271,0,'17fsd134-sillonett-c2','POLY ADELGAZADO AR','+1.25','','','','','','',62,0,1,0,7133),(272,1,'','','null','25','-3.50','-1.00','145','-3.50','-1.00',0,0,0,0,7133),(273,0,'vi8406-victoria-c2','CR 39 AR','+1.75','','','','','','',64,0,1,0,7134),(274,1,'','','null','','','','','','',0,0,0,0,7134),(275,0,'','','','','','','','','',0,0,0,0,7135),(276,1,'mo6438-mocatto-c7','POLY ADELGAZADO AR','null','15','-o.50','-2.00','0','-3.00','-0.50',59,0,1,0,7135),(277,0,'','','','','','','','','',0,0,0,0,7136),(278,1,'17fsd133-sillonett-c4','CR 39 AR + FOTOCROMATICO','null','110','','-0.50','95','','-0.25',67,0,1,0,7136),(279,0,'','','+1.75','','','','','','',59,0,0,0,7137),(280,1,'op6006-optic100-c3','CR 39 AR','null','','+1.0','','','+0.75','',61,0,1,0,7137),(281,0,'','','','','','','','','',0,0,0,0,7138),(282,1,'mo6442-mocatto-c1','CR 39 AR','null','15','','-2.50','165','','-2.50',57,0,1,0,7138),(283,0,'as2043-atlantis-c8','CR 39 AR','+2.00','','','','','','',65,0,1,0,7139),(284,1,'','','null','15','+0.50','-0.50','155','+0.50','-1.00',67,0,0,0,7139),(285,0,'la505-lavanett-c9','CR 39 AR','+1.50','','','','','','',64,0,1,0,7140),(286,1,'','','null','','','','','','',0,0,0,0,7140),(287,0,'c013-cnx-azul','','+1.75','','','','','','',60,0,1,0,7141),(288,1,'c018-cnx-azul','CR 39 AR','null','','+1.00','','','+1.00','',62,0,1,0,7141),(289,0,'','','+2.25','','','','','','',67,0,0,0,7142),(290,1,'as2043-atlantis-c6','BIFOCAL CR 39 AR + FOTOCROMATICO','null','','+0.75','','130','+0.75','-0.25',69,0,1,0,7142),(291,0,'','','','','','','','','',0,0,0,0,7143),(292,1,'op006-optic100-gun','CR 39 AR','null','90','-0.50','-1.75','90','-0.50','-1.00',71,0,1,0,7143),(293,0,'xdpd310054-gatusso-c1','CR 39 AR','+1.50','','','','','','',62,0,1,0,7144),(294,1,'','','null','30','+1.50','-0.50','164','+1.25','-0.50',64,0,0,0,7144),(295,0,'nt285-lavanett-c4','CR 39 AR','+2.75','','','','','','',65,0,1,0,7145),(296,1,'an2053-atlantis-c3','CR 39 AR + FOTOCROMATICO','null','','+1.50','','','+1.50','',67,0,1,0,7145),(297,0,'','','+2.50','','','','','','',63,0,0,0,7146),(298,1,'la325-lavanett-c10','CR 39 AR','null','','+0.50','','','+1.00','',65,0,1,0,7146),(299,0,'op026-optic100-rosa','CR 39 AR','+2.25','','','','','','',63,0,1,0,7147),(300,1,'','','null','','+0.50','','','+1.00','',65,0,0,0,7147),(301,0,'','','','','','','','','',0,0,0,0,7148),(302,1,'ddmf17014-gatusso-silver','CR 39 AR','null','','','','','','',60,0,0,0,7148),(303,0,'','','+1.75','','','','','','',0,0,0,0,7149),(304,1,'g09-gatusso-m.black','CR 39 AR','null','','+1.50','','15','+1.25','-0.50',65,0,1,0,7149),(305,0,'','','+2.75','','','','','','',0,0,0,0,7150),(306,1,'ARMAZON PROPIO','CR 39 AR + FOTOCROMATICO','null','0','','+0.75','15','','+0.75',60,0,1,0,7150),(307,0,'','','','','','','','','',0,0,0,0,7151),(308,1,'la337-lavanett-c3','CR 39 AR','null','170','-2.50','-0.75','89','-2.00','-1.50',0,0,1,0,7151),(309,0,'','','','','','','','','',0,0,0,0,7152),(310,1,'fm06b-formosa-c1','CR 39 AR','null','','+2.25','','25','+1.00','-0.50',59,0,0,0,7152),(311,0,'','','','','','','','','',0,0,0,0,7153),(312,1,'17xdls006-sillonett-c3','CR 39 AR','null','165','-0.50','-0.75','0','-0.25','-1.00',64,0,1,0,7153),(313,0,'','','','','','','','','',0,0,0,0,7154),(314,1,'xdpd310052-gatusso-c1','CR 39 AR','null','120','-1.50','-0.25','80','-0.75','-1.00',64,0,1,0,7154),(315,0,'bg7454-bergman-c41','CR 39 AR','+2.50','','','','','','',63,0,1,0,7155),(316,1,'','','null','','+1.00','','','+1.00','',65,0,0,0,7155),(317,0,'bg7451-bergman-c1','CR 39 AR','','','+0.50','','','+0.50','',59,0,1,0,7156),(318,1,'','','null','','','','','','',0,0,0,0,7156),(319,0,'','','','','','','','','',0,0,0,0,7159),(320,1,'13xx10220-honlhin-s.black','A. INDICE 1.6 ADELG. CR 39 AR + FOTOCROMATICO','null','22','22','22','11','11','11',22,1,1,1,7159),(321,0,'16xx016b-honlhin-s.black','ALTO INDICE 1.6 ADELGAZADO CR 39 + AR','aaaaDD','66','66','66','77','77','77',88,0,1,0,7160),(322,1,'16hy097-carlos rossi-s.l.pink','A. INDICE 1.6 ADELG. CR 39 AR + FOTOCROMATICO','null','22','22','22','44','33','44',55,1,0,1,7160);
/*!40000 ALTER TABLE `armazon` ENABLE KEYS */;
UNLOCK TABLES;

--
-- Table structure for table `cliente`
--

DROP TABLE IF EXISTS `cliente`;
/*!40101 SET @saved_cs_client     = @@character_set_client */;
/*!40101 SET character_set_client = utf8 */;
CREATE TABLE `cliente` (
  `cli_rut` varchar(10) COLLATE utf8_spanish_ci NOT NULL,
  `cli_nombre` varchar(45) COLLATE utf8_spanish_ci NOT NULL,
  `cli_telefono` varchar(12) COLLATE utf8_spanish_ci NOT NULL,
  `cli_email` varchar(45) COLLATE utf8_spanish_ci NOT NULL,
  `cli_direccion` varchar(45) COLLATE utf8_spanish_ci NOT NULL,
  `cli_comuna` varchar(45) COLLATE utf8_spanish_ci NOT NULL,
  `cli_ciudad` varchar(45) COLLATE utf8_spanish_ci NOT NULL,
  `cli_sexo` int(11) NOT NULL,
  `cli_edad` int(11) NOT NULL,
  `cli_estado` int(11) NOT NULL,
  PRIMARY KEY (`cli_rut`)
) ENGINE=MyISAM DEFAULT CHARSET=utf8 COLLATE=utf8_spanish_ci;
/*!40101 SET character_set_client = @saved_cs_client */;

--
-- Dumping data for table `cliente`
--

LOCK TABLES `cliente` WRITE;
/*!40000 ALTER TABLE `cliente` DISABLE KEYS */;
INSERT INTO `cliente` VALUES ('16727670-9','ALEXIS WILHELM HENRIQUEZ','962122902','ALEXIS WILHELM@HOTMAIL.COM','LA SERENA ','LA SERENA','LA SERENA ',2,29,0),('15041796-1','roxana','9999999','alexiswilhelm@hotmail.com','la serena','la serena','la serena',1,33,0),('16189471-0','VIVANA VARAS ROJAS','950142109','VIVIANA_VARASROJAS@HOTMAIL.COM','LOS TAMARINDOS 1 DEPTO 442 TORRE 4 CIA ALTA','LA SERENA','LA SERENA',1,31,0),('15054728-8','maria jose rojas lara','95471099','cotetita_2805@hotmail.com','luis penailillo 8852','coquimbo','coquimbo',1,34,1),('17665703-0','JORGE LUIS LEIVA SILVA','9986732957','jorge.leiva@sdx.cl','CALLE UNO NORTE # 130 LOTE D  COLONIA KENNEDY','PAINE','SANTIAGO DE CHILE',2,27,1),('6029271-K','GUILLERMO DIAZ RAMIREZ','962951846','','PARCELA 2 LOTE 10 BELLA VISTA','LA SERENA','LA SERENA',2,63,0),('20458806-6','danny zepeda ferrada','977100675','danny.pistolero@gmail.com','los aromos 3445','la serena','la serena',2,16,0),('13876176-2','','','ferrada.jessica@gmail.com','','','',1,51,0),('15032486-6','lorena munoz duran','963135145','victor_mandonado00@hotmail.com','estadio #850 block 6 dep 102','copiapo','copiapo',1,34,1),('15684182-k','jorge garate ','950886539','jahtopercy@gmail.com','ohiggins 170','la serena','la serena',2,31,1),('15513992-7','Fabian Araya Cubillo','957408962','arayacubillo_83@hotmail.com','leon # 2711 torre blanca','vallenar','vallenar',2,34,1),('4261605-2','IGNACIO CORTES ALVAREZ','965154573','','CARRETERA HUASCO 76','HUASCO','VALLENAR',2,77,1),('6037297-7','Edit rojas ocayo','97542738','jonathan89ararojas@gmail.com','aragon #451 torre blanca','Vallenar','Vallenar',0,0,1),('3976550-0','IBIS CABALLERO MOLINA','512613666','','HUMBERTO OSSANDON 506 QUINTA VALLE','HUASCO','VALLENAR',1,84,1),('4645012-4','AGATHA LEIVA','882828282','','','','',1,9,1),('4923532-1','ardon alfaro munizaga','979501938','','av argentina # 286 baquedano','','',2,74,1),('11982443-5','JUAN ARTEMIO MONDACA ROJAS','91257975','','ATACAMA 230','VALLENAR','VALLENAR',2,45,1),('16450051-9','dafne alfaro carrasco','988809236','dafne_407@hotmail.com','jose miguel carrera 3199','vallenar','vallenar',1,31,1),('17038443-1','hernan campillay villega','998162083','hernanandrescampillay@gmail.com','merced # 376','vallenar','vallenae',2,34,1),('8735852-6','TERESA ADASME ARAYA','976620300','','ASTURIA 3199 RAFAEL TORREBLANCA','VALLENAR','VALLENAR',1,58,1),('8643118-1','JORGE PALMA SALAZAR','50487582','','ANDRES BELLO 1079 POBLACION CARRERA','VALLENAR','VALLENAR',2,55,1),('8687135-1','eduardo pizarro espinoza','995504447','','jose miguel carrera # 1755','vallenar','vallenar',2,58,1),('7798304-k','jeannette campillayflores','989482309','recepcion@puertodevega.cl','morande #2015','vallenar','vallenar',1,58,1),('10915458-K','EDGARD GAJARDO VALDERRAMA','995131962','','SECTOR CUATRO PALOMAS CARRETERA 5  S/N','VALLENAR','VALLENAR',2,50,1),('9591076-9','fernando torres campillay','991275040','','maipu # 2235 baquedano ','vallenar','vallenar',2,55,1),('7998715-8','RAUL FLORES REINES','975251399','raulfloresreines@gmail.com','PASAJE CERRITO MIRADOR NUMERO 1 BAQUEDANO','VALLENAR','VALLENAR',2,54,1),('9055239-2','VALENTINA LARGO CASTRO','988988820','valentina_moda@hotmail.com','PASAJE CERRITO MIRADOS NUMERO 1','VALLENAR','VALLENAR',1,52,1),('9488645-7','esperanza robles casanova','981605253','','av matta #6 centr0','vallenar','vallenar',1,54,1),('12131573-4','cristian sierra gonzalez','941750811','srcg501@gmail.com','leon #3094 torre blanca','vallenar','vallenar',2,36,1),('10440076-0','juan carlos pizarro aviles','994896006','repuestos_matta@hotmail.com','av matta #685 eaquina cerrano','vallenar','vallenar',2,52,1),('8782292-3','JUAN CARLOS VEGA MORALES','983089794','perlasharlott@gmail.com','serrano 1678 ','vallenar','vallenar',2,58,1),('18752327-3','sergio gonzalez maluenda','990065584','sergiogonzalez644@gmail.com','sor maria crecencia # 500','vallenar ','vallenar',2,22,1),('17194579-8','BANYOLIETH GODOY ARAYA','978845935','banyoliethgodoyaraya@gmail.com','VICENTE MERINO JARPA 6916 ESTACION PAIPOTE','COPIAPO','COPIAPO',1,28,1),('9929309-8','norma contreras ferrer','954373964','contrerasnorma29@gmail.com','pasaje kora # 6273 paipote','copiapo','copiapo',1,52,1),('15031751-7','VALESKA FARIAS ORTIZ','949385889','valeska.fariasortiz@gmail.com','REMIGIO ROJAS 831','copiapo','copiapo',1,33,1),('22600962-0','pia mentt farias','949385889','valeska.fariasortis@gmail.com','remigio rojas 831','copiapo','copiapo',1,9,1),('5411443-5','nora vega alvarez','94729413','','inca de oro # 811','copiapo','copioapo',1,73,1),('21350093-7','patricio guerra rojas','945439875','','arturo pratt 5328','copiapo','copiapo',2,14,1),('5994793-1','hector collao aguilar','977512768','','las barrancas 4890','copiapo','copiapo',2,69,1),('18403292-9','gisset jimenez bordones','949171745','','arturo pratt #464 estacion paipote','copiapo','copiapo',1,24,1),('23366913-k','chrisstall maldonado jimenez','949171745','','arturo pratt  #464 paipote','copiapo','copiapo',1,7,1),('13007350-6','anyelina fernandez gallardo','930271461','anyelinafgallardo@outlook.com','jose salomon cid 1252','copiapo','copiapo',1,48,1),('11514835-4','cristian pizarro ibacache','965144154','cpizarroi@rioquing.cl','pasaje toconao #1362 estacion paipote','copiapo','copiapo',2,47,1),('20152142-4','silvana san martin collao','979501388','silvana_michu@live.cl','jose antonio moreno 6638','copiapo','copiapo',1,18,1),('21976729-3','benjamin cortes jofre','982901647','bncj_cj05@hotmail.com','candelaria goyenechea 1096','copiapo','copiapo',2,11,1),('5883435-1','sara zamora araya','991303043','','padre caciano #5876 villa iglecia punta negra','copiapo','copiapo',1,70,1),('12397570-7','lina jofre codoceo','982901647','lina.jof@hotmail.com','candelaria goyenechea 1326','copiapo','copiapo',1,42,1),('7292134-8','vicente araya zuleta','968203437','','padre caciano #5876','copiapo','copiapo',2,62,1),('17902535-3','susana lazo gutierrez','97716866','yanett.gutietres.001@gmail.com','pasaje mamiña 6591 estacion paipote','copiapo','copiapo',1,25,1),('19459686-3','barbara carvajal rojas','957515823','barbara.varvajal.rojas@gmail.com','candelaria goyenechea # 352','copiapo','copiapo',1,20,1),('13647044-2','juana rojas bravo','945439875','','arturo pratt 5328','copiapo','copiapo',1,38,1),('6741679-1','juan rojas godoy','976310421','','arturo pratt #2358','copiapo','copiapo',2,67,1),('21355594-4','valentina paez cuello','976467328','capricornio32paola@hotmail.com','orlando vitali #1499 las canteras','copiapo','copiapo',1,14,1),('17165580-3','pamela villar matamala','985607951','matamala2040@gmail.com','estacion punta de diaz 6517','copiapo','copiapo',1,28,1),('12444943-k','leonor cuello contreras','976467328','capricornio32paola@hotmail.com','orlando votali #1499','copiapo','copiapo',1,44,1),('18398634-1','yazmin palma urtubia','956570311','yaz.palmaurtubia@gmail.com','rahue 1435 ','paipote','copiapo',1,25,1),('19459650-2','mario navea lezcano','968995572','mario.navea.16@alumnos.uda.cl','leonidas perez #3378','copiapo','copiapo',2,20,1),('23513801-8','WENDORLY VEGA ORTIZ','963014926','','JOSE ANTONIO VILLAGRANT 6837','COPIAPO','COPIAPO',1,6,1),('7957303-5','luis huerta rivera','962976691','luis.huerta.rivera@gmail.com','juan melgarejo #5143 estacion paipote','copiapo','copiapo',2,58,1),('10103169-1','DANIEL VARGAS ALES','988342123','','LOS CARRERAS 6437 PAIPOTE','COPIAPO','COPIAPO',2,53,1),('10104861-6','GLADYS ROJAS GONZALEZ','979217787','','JOSE ANTONIO MORENO 5178 PAIPOTE','COPIAPO','COPIAPO',1,52,1),('11507497-0','ricardo araya alfaro','972817405','ricardoarayaalfaro@hotmail.cl','corcovado #1711','copiapo','copiapo',2,46,1),('8305351-8','MANUEL MUÑOZ VENEGAS','954373964','CONTRERASNORMA29@GMAIL.COM','PASAJE KORA 6273 PAIPOTE','COPIAPO','COPIAPO',2,56,1),('9391506-2','demofila olivares coroceo ','956362223','','villa emergencia manzana 7 casa 4','diego de almagro','',1,56,1),('4621295-9','jose cortes gallardo','981360674','','cristobal colon # 803','diego de almagro','diego de almagro',2,76,1),('21785515-2','catalina concha filun','959998328','andrea_cat87@hotmail.com','san martin # 16 ','diego de almagro','diego de almagro',1,12,1),('21724206-1','fernanda igresias fernandez','950704097','','anibal pinto 520','diego de almagro','',1,13,1),('3434096-k','raul urzua coca','989327325','','ferrocarril #416 diego de almagro','diego de almagro','diego de almagro',2,82,1),('9759921-1','beatriz pasten cortes','97820262','','garcia hurtado de mendoza 1201','diego de almagro','',1,54,1),('20752241-4','fran ossandon araya ','986529319','brayan.araya666@gmail.com','ecuador # 104 diego de almagro','diego de almagro','diego de almagro',2,16,1),('12398046-8','estela araya vega','986529319','brayan.araya666@gmail.com','ecuador #104','diego de almagro','diego de almagro',1,45,1),('10492876-5','norma olivares godoy','95731872','prjosecortes@hotmail.com','arturo pratt 704','diego de almagro','',1,52,1),('25055078-2','luis blas recta','962176242','lblas@elecnor.es','ecuador # 107','diego de almagro','diego de almagro',2,52,1),('21662054-2','pedro robles santander','978449737','pedrorobless@gmail.com','aguas verdes 1208','diego de almagro','',2,13,1),('25785307-1','migluel angel romero sanches','948686851','','ecuador #107','diego de almagro','diego de almagro',2,47,1),('10562842-0','pedro sapunar morales','985557914','pedro.sapunar.morales@gmail.com','jose miguel carrera 601','diego de almagro','',2,53,1),('19465491-k','tamara munoz barrera','959483495','tamaaaara-@live.cl','vivar #1001','diego de almagro','diego de almagro',1,20,1),('6411536-7','nibaldo san francisco acao','946454943','','venezuela 03','diego de almagro','',2,66,1),('20203344-k','catalina cortes escobar','982831397','cattalina.cortezz@gmail.com','ohiggins 500','diego de almagro','',1,17,1),('12171132-k','alejandra barrera','988768039','dixonemilio@hotmail.com','vivar #1001','diego de almagro','diego de almagro',1,46,1),('11090734-6','maria llanos matamala','940550881','','damian a1215 villa portal del inca','diego de almagro','',1,50,1),('7715184-2','ana perez pacheco','981919030','','ismael varela # 401','diego de almagro','diego de almagro',1,59,1),('17439060-6','alvaro zepeda barraza','955249562','m.barraza.codoceo@gmail.com','calle osorno #914','diego de almagro','diego de almagro',2,27,1),('22712185-8','darwin medina silva','985395554','darbrasil@hotmail.com','torreblanca 606 610','diego de almagro','',2,52,1),('12171181-8','jose barrera rivera','950322759','jbarreramar@hotmail.com','chanaral #504 diego de almagro','diego de almagro','diego de almagro',2,45,1),('20203292-3','francisca diaz robles','944669303','fdiaz.rob@hotmail.com','caracoles 907 poblacion torre blanca','diego de almagro','',1,18,1),('9465472-6','yimar araya tapia','90836349','','pedro aguirre cerda 2309','diego de almagro','',1,58,1),('5372308-k','','','','','','',0,0,1),('20989994-9','leslie lopez rebeco','942568179','','vicuna maquena #0909','chanaral','chanaral',1,15,1),('23138657-2','cristobal iturra montero','981325688','','pasaje osorno 320','chañaral','',2,8,1),('23309209-6','antonella vega trigo','982079268','','jorge rivera #619','chanaral','chanaral',1,7,1),('6297373-0','juan castillo alvarez','966619011','','calle california # 310 el salado','chanaral','chanaral',2,68,1),('11722998-k','marcela gutierrez muñoz','966922928','marcelagutimu@gmail.com','puertofino s/n','chañaral','',1,46,1),('21266969-5','javiera amigo rojo','954346100','jrojoguerrero@gmail.com','comercio #246','chanaral','chanaral',1,14,1),('11119030-5','evelyn guerrero pizarro','967287001','evelynguerreromasaje@gmail.com','pasaje 26 de octubre 247','chañaral','',1,50,1),('9257618-3','marcelo valenzuela guggisberg','988355163','','camilo enriquez #0523','chanaral','chanaral',2,52,1),('5254419-k','carlos varas naranjo','983891249','cvarasn@hotmail.com','los piqueros 313 villa pan de azucar','chañaral','',2,68,1),('5685928-4','lucia reyes olivares','97448460','juansilva@tie.cl','casa c4 barquito','chañaral','',1,73,1),('6940499-5','antonio olivares olivares','978910868','','juan moron #428','chanaral','chanaral',2,63,1),('19460013-5','geraldy salinas galian','98126848','','cerrillo 254','chañaral','',1,20,1),('5046441-5','CARLOTA MUNOZ','','','jose antonio moreno #0165','chanaral','chanaral',1,74,1),('18741819-4','tamara gutierrez tapia','522481171','tamara21_2016@hotmail.com','vicuña mackena 0940','','chañaral',1,23,1),('22077940-8','aracely guerra gonzalez','964747253','faby.ester@hotmail.com','dagoberto godoy 504','chañaral','',1,11,1),('20929132-0','jeison guerra gonzalez','956814224','jeixx_bakan@hotmail.com','dagoberto godoy 504','chañaral','',2,15,1),('19767521-7','yamilet guerra gonzalez','965063009','yami_guerra98@hotmail.com','dagoberto godoy 504','chañaral','',1,18,1),('12596291-2','fabiola gonzalez moreno','964747253','faby.ester@hotmail.cl','dagoberto godoy 504','chañaral','',1,43,1),('9040261-7','patricio diaz bugueño','966951481','patricio_patricio2017@hotmail.com','pudahuel 510','chañaral','',2,54,1),('5490581-5','IRMA PEREZ AREVALO ','961138028','','PASAJE CONCHUELA AZUL # 320','CHANARAL','CHANARAL',1,71,1),('7028605-K','RICARDO CORTES HERRERA','961138028','','PASAJE CONCHUELA #320','CHANARAL','CHANARAL',2,63,1),('10127707-0','diana moya cuello','522509556','e_carrasco_1964@hotmail.com','esmeralda 0511','chañaral','',1,53,1),('12171104-4','miguel moya perez','966092584','','salitrera santa ana # 681','copiapo','copiapo',2,45,1),('6534549-8','ignacio muñoz alfaro','9954745971','','carlos cortes 1161 poblacion cartavio','copiapo','',2,63,1),('15745480-3','VANESSA MANCILLA FLORES','994451778','vane463@gmail.com','ROSARIO ORREGO # 463','COPIAPO','COPIAPO',1,63,1),('9560145-6','hector torres marcial','981705001','','salitrera paposo #1732','copiapo ','copiapo',2,54,1),('15869747-5','pablo rojas rodriguez','9679092486','','quebrada el morado #2662','copiapo','copiapo',2,33,1),('6464798-9','maria eugenia quiroz huerta','989314651','quenitaq@gmail.com','termas de pemehue 560 la pradera','copiapo','',1,65,1),('22092459-9','monserrat gonzalez vergara','989387979','','calle del rio #1873 palomar','copiapo ','copiapo',1,11,1),('8639562-2','lidia rivera rodriguez','522412712','','salitrera nueva noria 076 quinta etapa ','copiapo','',1,54,1),('12445035-7','wilsin tello flores','974301476','tello2408@gmail.com','salitrera vergara #1436','copiapo ','copiapo',2,44,1),('11469800-8','yorka gil sole','986618899','','salitrera vergara 1479 palomar','copiapo','',1,48,1),('10036808-0','rodrigo toro aranciabia','91566498','rtaaudiovisual@gmail.com','salitrera vergara 1479 el palomar','copiapo','',2,50,1),('16168961-0','','','','','','',0,0,1),('8142046-7','veronica llanquinao marivin','991762061','','el palomar 996','copiapo','',1,61,1),('11592227-0','luis soto provoste','992675030','luissotoprovoste@gmail.com','salitrera maria elena #528','copiapo','copiapo',2,47,1),('10510805-2','jimena fernandoy jaramillo ','987888032','jimena_fernandoy@yahoo.es','salitrera maria elena #528','copiapo','copiapo',1,49,1),('22393932-5','felipe soto fermondoy','992675030','luissotoprovoste@gmail.com','salitrera maria elena #528','copiapo ','copiapo',2,10,1),('24351096-1','lenny andrade zerna','964020436','','poblacion copiapo pasaje huasco 1375','copiapo','',1,31,1),('9730450-5','sonia carvajal carvajal','957948032','','hamberton 726 el palomar','copiapo','',1,54,1),('23292637-6','vicente guerrero gamboa','990593903','jguerrero@maxan.net','salitrera alemana # 634 palomar','copiapo','copiapo',2,7,1),('9832968-4','ivan estrougo ortis','961213023','iestrougo@gmail.com','pasaje pardillo #1811 palomar','copiapo','copiapo',2,54,1),('10659523-2','delinda vial silva','989957011','lili.vial@gmail.com','pasaje pardillo #1811 palomar','copiapo','copiapo',1,46,1),('9726076-1','gabriel neculcura llancafil','97285044','','','','',2,53,1),('9015358-7','ROBERTO PAREDES ZEPEDA','9966483058','','EL CERRO #3221','COPIAPO','COPIAPO',2,54,1),('12515729-7','gerardo mallea gaete','944614441','gerardogaete1973@gmail.com','granate 2373','copiapo','',2,44,1),('11345981-6','MARCELA CASTILLO CASTRO','940736219','','FRANCISCO DE AGUIRRE # 78 ','COPIAPO','COPIAPO',1,48,1),('7712874-3','MYRIAM GONZALEZ ZEPEDA','90946838','','COPIAPITA # 2059 LOS MIRERALES','COPIAPO','COPIAPO',1,59,1),('6226844-1','luz gonzalez alvear','942942416','','tocornal 1904 ','copiapo','',1,66,1),('11382964-8','marisa gonzalez barraza','98428143','r.rperea@hotmail.com','calcita 1979 los minerales','copiapo','',1,50,1),('9728798-8','romon perea lopez','98428143','r.rperea@hotmail.com','calcita 1979 los minerales','copiapo','',2,53,1),('7580016-9','GUIDO RETAMAL SALASAR','942942405','','TOCORNAL#904','COPIAPO','COPIAPO',2,62,1),('4210598-8','leonidas lizama caceres','969011889','','calcocino 2317 los minerales','copiapo','',2,75,1),('19459888-2','katalina donoso araya','91062902','katalina.kada@gmail.com','bernal del mercado 762 poblacion fco de aguir','copiapo','',1,20,1),('13872912-5','eileen camblor ordenes','945060409','eileen.camblor@gmail.com','antuco 2516','copiapo','',1,37,1),('13826958-2','VIRGINIA ORTIS FLORES','966188857','','LLULLAYLLACO#1235 LOS BOLCANES','COPIAPO','COPIAPO',1,64,1),('7096598-4','teodosio rojas godoy','971787387','','llullaillaco 1486 villa los volcanes','copiapo','',2,62,1),('19352438-9','camila fritis trujillo','966151013','fritistrujillo@gmail.com','juan de dios aguilera 2146 las colonias','copiapo','',1,21,1),('16878701-4','INGRID','98767474','irojo@sdx.cl','CALLE','HUASCO','VALLENAR',1,28,1),('75979500-8','APR COLONIA KENNEDY','998383838','aprcoloniakennedy@gmail.com','','VALLENAR','VALLENAR',0,0,1);
/*!40000 ALTER TABLE `cliente` ENABLE KEYS */;
UNLOCK TABLES;

--
-- Table structure for table `cristal`
--

DROP TABLE IF EXISTS `cristal`;
/*!40101 SET @saved_cs_client     = @@character_set_client */;
/*!40101 SET character_set_client = utf8 */;
CREATE TABLE `cristal` (
  `cri_id` int(11) NOT NULL,
  `cri_nombre` varchar(45) COLLATE utf8_spanish_ci NOT NULL,
  `cri_precio` int(11) NOT NULL,
  `cri_estado` int(11) NOT NULL
) ENGINE=MyISAM DEFAULT CHARSET=utf8 COLLATE=utf8_spanish_ci;
/*!40101 SET character_set_client = @saved_cs_client */;

--
-- Dumping data for table `cristal`
--

LOCK TABLES `cristal` WRITE;
/*!40000 ALTER TABLE `cristal` DISABLE KEYS */;
INSERT INTO `cristal` VALUES (1,'CR 39 AR',29000,1),(2,'CR 39 AR + FOTOCROMATICO',71000,1),(3,'ALTO INDICE 1.6 ADELGAZADO CR 39 + AR',71400,1),(4,'A. INDICE 1.6 ADELG. CR 39 AR + FOTOCROMATICO',101000,1),(5,'MINERAL HITELITE AR',77000,1),(6,'MINERAL HITELITE AR + FOTOCROMATICO',101000,1),(7,'CR 39 BLANCO (TEÑIDO)',71400,1),(8,'POLY ADELGAZADO AR',80000,1),(9,'POLY ADELGAZADO AR + FOTOCROMATICO',120000,1),(10,'MULTIFOCAL CR 39 AR',166000,1),(11,'MULTIFOCAL CR 39 AR + FOTOCROMATICO',224000,1),(12,'MULTIFOCAL MINERAL AR',166000,1),(13,'MULTIFOCAL MINERAL AR + FOTOCROMATICO',224000,1),(14,'BIFOCAL CR 39 AR',113000,1),(15,'BIFOCAL CR 39 AR + FOTOCROMATICO',142000,1),(16,'BIFOCAL MINERAL AR ',113000,1),(17,'BIFOCAL MINERAL AR + FOTOCROMATICO',142000,1),(18,'hshdshdshdfjdfjdjjjjjjjjjjjjjjjjjjjjjjjjjjjjj',-13,0);
/*!40000 ALTER TABLE `cristal` ENABLE KEYS */;
UNLOCK TABLES;

--
-- Table structure for table `descuento`
--

DROP TABLE IF EXISTS `descuento`;
/*!40101 SET @saved_cs_client     = @@character_set_client */;
/*!40101 SET character_set_client = utf8 */;
CREATE TABLE `descuento` (
  `des_id` int(11) NOT NULL,
  `des_nombre` varchar(45) COLLATE utf8_spanish_ci NOT NULL,
  `des_descripcion` text COLLATE utf8_spanish_ci NOT NULL,
  `des_porc` int(11) NOT NULL,
  `des_estado` int(11) NOT NULL,
  PRIMARY KEY (`des_id`)
) ENGINE=MyISAM DEFAULT CHARSET=utf8 COLLATE=utf8_spanish_ci;
/*!40101 SET character_set_client = @saved_cs_client */;

--
-- Dumping data for table `descuento`
--

LOCK TABLES `descuento` WRITE;
/*!40000 ALTER TABLE `descuento` DISABLE KEYS */;
INSERT INTO `descuento` VALUES (1,'Descuento Familiar ','Este Descuento se Aplica al Comprar 3 Lentes para los miembros de la familia. ',0,0),(2,'promo 1 ','sobre 3 lentes ',10,0),(3,'beneficio 100%','beneficios monofocal cr 39 ar y armazon ',100,1),(4,'beneficios 50%','beneficio del 50% foto - tenido - bifocal - multifocal - sol - adelgazado',50,1),(5,'lleva tu segundo lente con un 20% descuento','lleva tu segundo lente con un 20% descuento ',20,1),(6,'10% de descuento ','descuento alternativo masivo ',10,1);
/*!40000 ALTER TABLE `descuento` ENABLE KEYS */;
UNLOCK TABLES;

--
-- Table structure for table `despacho`
--

DROP TABLE IF EXISTS `despacho`;
/*!40101 SET @saved_cs_client     = @@character_set_client */;
/*!40101 SET character_set_client = utf8 */;
CREATE TABLE `despacho` (
  `dsp_id` int(11) NOT NULL,
  `dsp_rut` varchar(10) COLLATE utf8_spanish_ci NOT NULL,
  `dsp_nombre` varchar(45) COLLATE utf8_spanish_ci NOT NULL,
  `dsp_fecha` date NOT NULL,
  `ficha_fch_id` int(11) NOT NULL,
  PRIMARY KEY (`dsp_id`)
) ENGINE=MyISAM DEFAULT CHARSET=utf8 COLLATE=utf8_spanish_ci;
/*!40101 SET character_set_client = @saved_cs_client */;

--
-- Dumping data for table `despacho`
--

LOCK TABLES `despacho` WRITE;
/*!40000 ALTER TABLE `despacho` DISABLE KEYS */;
INSERT INTO `despacho` VALUES (1,'15054728-8','maria jose rojas lara','2017-10-18',7000),(2,'17665703-0','JORGE LUIS LEIVA SILVA','2017-11-07',7160),(3,'16878701-4','INGRID','2017-11-07',7017),(4,'15745480-3','VANESSA MANCILLA FLORES','2017-11-07',7120),(5,'75979500-8','APR COLONIA KENNEDY','2017-11-07',7023),(6,'4645012-4','AGATHA LEIVA','2017-11-07',7020);
/*!40000 ALTER TABLE `despacho` ENABLE KEYS */;
UNLOCK TABLES;

--
-- Table structure for table `doctor`
--

DROP TABLE IF EXISTS `doctor`;
/*!40101 SET @saved_cs_client     = @@character_set_client */;
/*!40101 SET character_set_client = utf8 */;
CREATE TABLE `doctor` (
  `doc_rut` varchar(10) COLLATE utf8_spanish_ci NOT NULL,
  `doc_nombre` varchar(45) COLLATE utf8_spanish_ci NOT NULL,
  `doc_telefono` varchar(12) COLLATE utf8_spanish_ci NOT NULL,
  `doc_mail` varchar(45) COLLATE utf8_spanish_ci NOT NULL,
  `doc_estado` int(11) NOT NULL,
  PRIMARY KEY (`doc_rut`)
) ENGINE=MyISAM DEFAULT CHARSET=utf8 COLLATE=utf8_spanish_ci;
/*!40101 SET character_set_client = @saved_cs_client */;

--
-- Dumping data for table `doctor`
--

LOCK TABLES `doctor` WRITE;
/*!40000 ALTER TABLE `doctor` DISABLE KEYS */;
/*!40000 ALTER TABLE `doctor` ENABLE KEYS */;
UNLOCK TABLES;

--
-- Table structure for table `ficha`
--

DROP TABLE IF EXISTS `ficha`;
/*!40101 SET @saved_cs_client     = @@character_set_client */;
/*!40101 SET character_set_client = utf8 */;
CREATE TABLE `ficha` (
  `fch_id` int(11) NOT NULL,
  `fch_fecha` date NOT NULL,
  `fch_fecha_entrega` date NOT NULL,
  `fch_lugar_entrega` varchar(45) COLLATE utf8_spanish_ci NOT NULL,
  `fch_hora_entrega` varchar(15) COLLATE utf8_spanish_ci NOT NULL,
  `fch_valor_total` int(11) NOT NULL,
  `fch_saldo` int(11) NOT NULL,
  `fch_obs` text COLLATE utf8_spanish_ci NOT NULL,
  `fch_estado` int(11) NOT NULL,
  `cliente_cli_rut` varchar(10) COLLATE utf8_spanish_ci NOT NULL,
  `doctor_doc_rut` varchar(10) COLLATE utf8_spanish_ci NOT NULL,
  `descuento_des_id` int(11) NOT NULL,
  `institucion_ins_id` int(11) NOT NULL,
  `despacho_dsp_id` int(11) NOT NULL,
  `user_us_id` int(11) NOT NULL,
  PRIMARY KEY (`fch_id`)
) ENGINE=MyISAM DEFAULT CHARSET=utf8 COLLATE=utf8_spanish_ci;
/*!40101 SET character_set_client = @saved_cs_client */;

--
-- Dumping data for table `ficha`
--

LOCK TABLES `ficha` WRITE;
/*!40000 ALTER TABLE `ficha` DISABLE KEYS */;
INSERT INTO `ficha` VALUES (7000,'2017-10-18','2017-10-21','OFICINA HITES ','15:30',70000,0,'',3,'15054728-8','null',2,0,2,3),(7012,'2017-10-24','2017-10-31','Local','10:00',101000,51000,'',0,'17665703-0','null',0,0,0,4),(7013,'2017-10-24','2017-10-31','cuerpo de bomberos','10:11',29000,19000,'',0,'13876176-2','null',0,0,0,2),(7014,'2017-10-24','2017-10-30','cuerpo de bomberos','10:11',29000,19000,'',0,'15684182-k','null',0,0,0,2),(7015,'2017-10-24','2017-11-04','BOMBERO','11:12',71000,11000,'',0,'15041796-1','null',0,0,0,3),(7016,'2017-10-24','2017-10-30','cuerpo de bomberos','10:30',71400,21400,'',0,'20458806-6','null',0,0,0,2),(7017,'2017-10-26','2017-11-04','CUERPO DE BOMBEROS DE VALLENAR','10:00',110000,0,'',3,'4261605-2','null',5,0,3,2),(7018,'2017-10-26','2017-11-04','bomberos vallenar','10:11',244400,0,'',2,'6037297-7','null',5,0,0,3),(7019,'2017-10-26','2017-11-04','CUERPO DE BOMBEROS DE VALLENAR','10:00',58000,0,'SOLO DE CERCA',2,'3976550-0','null',0,0,0,2),(7020,'2017-10-26','2017-11-04','CUERPO DE BOMBEROS DE VALLENAR','10:00',64000,0,'LENTE DE CERCA',3,'4645012-4','null',0,0,6,2),(7021,'2017-10-26','2017-11-04','bombero vallenar','10:11',106000,96000,'fotocromatico cafe .',1,'4923532-1','null',0,0,0,3),(7022,'2017-10-26','2017-11-04','CUERPO DE BOMBEROS DE VALLENAR','10:00',100000,80000,'',1,'11982443-5','null',0,0,0,2),(7023,'2017-10-26','2017-11-04','bombero vallenar','10:11',152000,0,'',3,'16450051-9','null',0,0,5,3),(7024,'2017-10-26','2017-11-04','bombero vallenar','10:11',99000,59000,'',1,'17038443-1','null',0,0,0,3),(7025,'2017-10-26','2017-11-04','CUERPO DE BOMBEROS DE VALLENAR','10:00',166000,0,'ALTURA 16',2,'8735852-6','null',0,0,0,2),(7026,'2017-10-26','2017-11-04','CUERPO DE BOMBEROS DE VALLENAR','10:00',52000,42000,'',1,'8643118-1','null',0,0,0,2),(7027,'2017-10-26','2017-11-04','bombero vallenar','10:11',100000,50000,'fotocromatico cafe',1,'8687135-1','null',0,0,0,3),(7028,'2017-10-26','2017-11-04','CUERPO DE BOMBEROS DE VALLENAR','10:00',64000,44000,'SOLO LENTE DE LEJOS',0,'10915458-K','null',0,0,0,2),(7029,'2017-10-26','2017-11-04','bombero vallenar','10:11',101000,51000,'',1,'7798304-k','null',0,0,0,3),(7030,'2017-10-26','2017-11-04','CUERPO DE BOMBEROS DE VALLENAR','10:00',64000,49000,'SOLO LENTE DE LEJOS',1,'10915458-K','null',0,0,0,2),(7031,'2017-10-26','2017-11-04','bomberos vallenar','10:11',64000,37600,'',1,'9591076-9','null',6,0,0,3),(7032,'2017-10-26','2017-11-04','CUERPO DE BOMBEROS DE VALLENAR','10:00',52000,0,'',2,'7998715-8','null',0,0,0,2),(7033,'2017-10-26','2017-11-04','CUERPO DE BOMBEROS DE VALLENAR','10:00',148000,0,'ALTURA 17',2,'9055239-2','null',0,0,0,2),(7034,'2017-10-26','2017-11-04','b0mberos vallenar','10:11',58000,48000,'',1,'9488645-7','null',0,0,0,3),(7035,'2017-10-26','2017-11-04','bombero vallenar','10:11',101000,0,'',2,'12131573-4','null',3,0,0,3),(7036,'2017-10-26','2017-11-04','bombero vallenar','10:11',116000,72800,'',1,'10440076-0','null',5,0,0,3),(7037,'2017-10-26','2017-11-04','cuerpo de bomberos vallenar','10:10',148000,0,'altura 12',2,'8782292-3','null',0,0,0,2),(7038,'2017-10-26','2017-11-04','bombero vallenar','10:11',128000,95200,'',1,'18752327-3','null',6,0,0,3),(7039,'2017-10-26','2017-11-04','C COMUNITARIO PAIPOTE','14:00',101000,71000,'',1,'17194579-8','null',0,0,0,2),(7040,'2017-10-26','2017-11-04','c comunitario paipote','10:11',58000,48000,'',1,'9929309-8','null',0,0,0,3),(7041,'2017-10-26','2017-11-04','C COMUNITARIO PAIPOTE','14:00',52000,27000,'',1,'15031751-7','null',0,0,0,2),(7042,'2017-10-26','2017-11-04','C COMUNITARIO PAIPOTE','14:00',101000,51000,'',1,'22600962-0','null',0,0,0,2),(7043,'2017-10-26','2017-11-04','c comunitario paipote','14:15',158000,26400,'',1,'5411443-5','null',5,0,0,3),(7044,'2017-10-26','2017-11-04','C COMUNITARIO PAIPOTE','14:00',52000,42000,'',1,'21350093-7','null',0,0,0,2),(7045,'2017-10-26','2017-11-04','C COMUNITARIO PAIPOTE','14:00',52000,42000,'lente de lejos',1,'5994793-1','null',0,0,0,2),(7046,'2017-10-26','2017-11-04','c.comunitario paipote','14:15',70000,50000,'',1,'18403292-9','null',0,0,0,3),(7047,'2017-10-26','2017-11-04','c. comunitario paipote','14:15',52000,32000,'',1,'23366913-k','null',0,0,0,3),(7048,'2017-10-26','2017-11-04','c comunitario paipote','14:00',58000,0,'garantia por error en eje, misma receta',2,'13007350-6','null',3,0,0,2),(7049,'2017-10-26','2017-11-04','c.comunitario','14:15',77000,47000,'',1,'11514835-4','null',0,0,0,3),(7050,'2017-10-26','2017-11-04','c comunitario paipote','14:00',64000,54000,'',1,'20152142-4','null',0,0,0,2),(7051,'2017-10-26','2017-11-04','c comunitario paipote','14:00',82000,62000,'',1,'21976729-3','null',0,0,0,2),(7052,'2017-10-26','2017-11-04','c. comunitario','14:15',58000,38000,'',1,'5883435-1','null',0,0,0,3),(7053,'2017-10-26','2017-11-04','c comunitario paipote','14:00',124000,94000,'',1,'12397570-7','null',0,0,0,2),(7054,'2017-10-26','2017-11-04','c.comunitario paipote','14:15',106000,65400,'',1,'7292134-8','null',6,0,0,3),(7055,'2017-10-26','2017-11-04','c comunitario paipote','14:00',100400,60400,'',1,'17902535-3','null',0,0,0,2),(7056,'2017-10-26','2017-11-04','c.comunitario','14:15',64000,0,'garantia corregir con nueva receta.',2,'19459686-3','null',3,0,0,3),(7057,'2017-10-26','2017-11-04','c comunitario paipote','14:00',29000,19000,'armazon cliente',1,'13647044-2','null',0,0,0,2),(7058,'2017-10-26','2017-11-04','c.comunitario paipote','14:15',64000,44000,'',1,'6741679-1','null',0,0,0,3),(7059,'2017-10-26','2017-11-04','c.comunitario paipote','14:15',70000,60000,'',1,'21355594-4','null',0,0,0,3),(7060,'2017-10-26','2017-11-04','c comunitario paipote','14:00',106400,86400,'',1,'17165580-3','null',0,0,0,2),(7061,'2017-10-26','2017-11-04','c.comunitario paipote','14:15',52000,42000,'',1,'12444943-k','null',0,0,0,3),(7062,'2017-10-26','2017-11-04','c comunitario paipote','14:00',64000,0,'',2,'18398634-1','null',0,0,0,2),(7063,'2017-10-26','2017-11-04','c.comunitario paipote','14:15',143000,133000,'',1,'19459650-2','null',0,0,0,3),(7064,'2017-10-26','2017-11-04','c comunitario paipote','14:00',64000,54000,'',1,'23513801-8','null',0,0,0,2),(7065,'2017-10-26','2017-11-04','c.comunitario paipote','14:15',154000,98600,'',1,'7957303-5','null',6,0,0,3),(7066,'2017-10-26','2017-11-04','c comunitario paipote','14:00',70000,40000,'LENTE DE LEJOS',1,'10103169-1','null',0,0,0,2),(7067,'2017-10-26','2017-11-04','c comunitario paipote','14:00',58000,48000,'LENTE DE CERCA',1,'10104861-6','null',0,0,0,2),(7068,'2017-10-26','2017-11-04','c.comunitario paipote','14:15',82000,0,'',2,'11507497-0','null',3,0,0,3),(7069,'2017-10-26','2017-11-04','CENTRO COMUNITARIO PAIPOTE','14:00',52000,42000,'',1,'8305351-8','null',0,0,0,2),(7070,'2017-10-27','2017-11-05','bomberos diego de almagro','11:00',64000,0,'',2,'9391506-2','null',0,0,0,2),(7071,'2017-10-27','2017-11-05','bombero de diego','11:12',214000,172600,'bifocal foto cafe + ar ...... altura 16',1,'4621295-9','null',6,0,0,3),(7072,'2017-10-27','2017-11-05','diego de almagro','11:12',99000,39100,'',1,'21785515-2','null',6,0,0,3),(7073,'2017-10-27','2017-11-05','bomberos de diego de almagro','11:00',64000,47600,'',1,'21724206-1','null',6,0,0,2),(7074,'2017-10-27','2017-11-05','bombero de diego de almagro','11:12',101000,50900,'fotocromatico cafe ',1,'3434096-k','null',6,0,0,3),(7075,'2017-10-27','2017-11-05','bomberos de diego de almagro','11:00',101000,0,'',2,'9759921-1','null',0,0,0,2),(7076,'2017-10-27','2017-11-05','diego de almagro','11:12',106000,53000,'',1,'20752241-4','null',4,0,0,3),(7077,'2017-10-27','2017-11-05','diego de almagro','11:12',29000,19000,'',1,'12398046-8','null',0,0,0,3),(7079,'2017-10-27','2017-11-05','bomberos de diego de almagro','11:00',109000,99000,'lente de lejos',1,'10492876-5','null',0,0,0,2),(7080,'2017-10-27','2017-11-05','bombero de diego de almagro','11:12',64000,39000,'',1,'25055078-2','null',0,0,0,3),(7081,'2017-10-27','2017-11-05','bomberos de diego de almagro','11:00',64000,34000,'',1,'21662054-2','null',0,0,0,2),(7082,'2017-10-27','2017-11-05','diego de almagro','11:12',52000,27000,'',1,'25785307-1','null',0,0,0,3),(7083,'2017-10-27','2017-11-05','cuerpo de bomberos de diego de almagro','11:00',177000,157000,'bifocal altura 15',1,'10562842-0','null',0,0,0,2),(7084,'2017-10-27','2017-11-05','bombero de diego de almagro','11:12',64000,0,'',2,'19465491-k','null',0,0,0,3),(7085,'2017-10-27','2017-11-05','cuerpo de bomberos de diego de almagro','11:00',64000,24000,'',1,'6411536-7','null',0,0,0,2),(7086,'2017-10-27','2017-11-05','cuerpo de bomberos de diego de almagro','11:00',64000,44000,'',1,'20203344-k','null',0,0,0,2),(7087,'2017-10-27','2017-11-05','bombero de diego de almagro','11:12',70000,0,'',2,'12171132-k','null',0,0,0,3),(7088,'2017-10-27','2017-11-05','cuerpo de bomberos de diego de almagro','11:00',70000,53000,'',1,'11090734-6','null',6,0,0,2),(7089,'2017-10-27','2017-11-05','bombero de diego de almagro','11:12',101000,81000,'',1,'7715184-2','null',0,0,0,3),(7090,'2017-10-27','2017-11-05','bombero de diego de almagro','11:12',103000,93000,'',1,'17439060-6','null',0,0,0,3),(7091,'2017-10-27','2017-11-05','bomberos de diego de almagro','11:00',101000,90000,'armazon cliente',1,'22712185-8','null',0,0,0,2),(7092,'2017-10-27','2017-11-05','bombero de diego de almagro','11:12',58000,48000,'',1,'12171181-8','null',0,0,0,3),(7093,'2017-10-27','2017-11-05','bomberos diego de almagro','11:00',82000,42000,'',1,'20203292-3','null',0,0,0,2),(7094,'2017-10-27','2017-11-05','bomberos diego de almagro','11:00',101000,81000,'',1,'9465472-6','null',0,0,0,2),(7095,'2017-10-27','2017-11-05','bomberos de chanaral','14:15',29000,29000,'',1,'5372308-k','null',0,0,0,3),(7096,'2017-10-27','2017-11-05','bomberos chanaral','14:15',124400,84400,'',1,'20989994-9','null',0,0,0,3),(7097,'2017-10-27','2017-11-05','cuerpo de bomberos chañaral','14:00',64000,54000,'',1,'23138657-2','null',0,0,0,2),(7098,'2017-10-27','2017-11-05','bombero chanaral','14:15',82000,62000,'',1,'23309209-6','null',0,0,0,3),(7099,'2017-10-27','2017-11-05','bombero chanaral','14:15',164000,80000,'',1,'6297373-0','null',5,0,0,3),(7100,'2017-10-27','2017-11-05','cuerpo de bomberos chañaral','14:00',101000,91000,'',1,'11722998-k','null',0,0,0,2),(7101,'2017-10-27','2017-11-05','cuerpo de bomberos de chanaral','14:15',101000,71000,'',1,'21266969-5','null',0,0,0,3),(7102,'2017-10-27','2017-11-05','cuerpo de bomberos chañaral','14:00',64000,32000,'',1,'11119030-5','null',0,0,0,2),(7103,'2017-10-27','2017-11-05','bomberos chanaral','14:15',64000,44000,'',1,'9257618-3','null',0,0,0,3),(7104,'2017-10-27','2017-11-05','cuerpo de bomberos chañaral','14:00',52000,0,'',2,'5254419-k','null',0,0,0,2),(7105,'2017-10-27','2017-11-05','cuerpo de bomberos chañaral','14:00',171000,101000,'altura 15',1,'5685928-4','null',0,0,0,2),(7106,'2017-10-27','2017-11-05','cuerpo de bombero de chanaral','14:15',101000,0,'cliente quiere que se lo dejen sus lentes en el cuerpo de bombero de la misma ciudad.chanaral.',2,'6940499-5','null',6,0,0,3),(7107,'2017-10-27','2017-11-05','cuerpo de bomberos chañaral','14:00',106400,96400,'',1,'19460013-5','null',0,0,0,2),(7108,'2017-10-27','2017-11-05','bombero de chanaral','14:15',52000,42000,'',1,'5046441-5','null',0,0,0,3),(7109,'2017-10-27','2017-11-05','cuerpo de bomberos chañaral','14:00',82000,52000,'',1,'18741819-4','null',0,0,0,2),(7110,'2017-10-27','2017-11-05','bomberos de chañaral','14:00',64000,47600,'',1,'22077940-8','null',6,0,0,2),(7111,'2017-10-27','2017-11-05','bomberos de chañaral','14:00',64000,54000,'',1,'20929132-0','null',0,0,0,2),(7112,'2017-10-27','2017-11-05','bomberos de chañaral','14:00',64000,54000,'',1,'19767521-7','null',0,0,0,2),(7113,'2017-10-27','2017-11-05','bomberos de chañaral','14:00',58000,42200,'',1,'12596291-2','null',6,0,0,2),(7114,'2017-10-27','2017-11-05','bomberos de chañaral','14:00',212000,99600,'otro celular 940885723',1,'9040261-7','null',5,0,0,2),(7115,'2017-10-27','2017-11-05','BOMBERO CHANARAL','14:15',140000,106000,'',1,'5490581-5','null',5,0,0,3),(7116,'2017-10-27','2017-11-05','CUERPO DE BOMBERO DE CHANARAL','14:15',128000,96400,'',1,'7028605-K','null',5,0,0,3),(7117,'2017-10-27','2017-11-05','bomberos de chañaral','14:00',101000,0,'',2,'10127707-0','null',5,0,0,2),(7118,'2017-10-28','2017-11-04','c.comunitario palomar','16:17',214000,164000,'',1,'12171104-4','null',0,0,0,3),(7119,'2017-10-28','2017-09-04','centro comunitario palomar','16:00',64000,44000,'',1,'6534549-8','null',0,0,0,2),(7120,'2017-10-28','2017-11-04','c.comunitario palomar','16:17',106000,0,'',3,'15745480-3','null',0,0,4,3),(7121,'2017-10-28','2017-11-04','c.comunitario palomar','16:17',58000,38000,'',1,'9560145-6','null',0,0,0,3),(7122,'2017-10-28','2017-11-04','c.comunitario palomar','16:17',64000,0,'',2,'15869747-5','null',0,0,0,3),(7123,'2017-10-28','2017-11-04','centro comunitario palomar','14:00',64000,54000,'',1,'6464798-9','null',0,0,0,2),(7124,'2017-10-28','2017-11-04','c.comunitario','16:17',99000,59000,'',1,'22092459-9','null',0,0,0,3),(7125,'2017-10-28','2017-11-04','centro comunitario palomar','14:00',52000,40000,'',1,'8639562-2','null',0,0,0,2),(7126,'2017-10-28','2017-11-04','c.comunitario palomar','16:17',101000,0,'',2,'12445035-7','null',0,0,0,3),(7127,'2017-10-28','2017-11-04','centro comunitario palomar','14:00',101000,71000,'',1,'11469800-8','null',0,0,0,2),(7128,'2017-10-28','2017-11-04','centro comunitario palomar','14:00',64000,34000,'',1,'10036808-0','null',0,0,0,2),(7129,'2017-10-28','2017-11-04','centro comunitario palomar','14:00',82000,0,'rut. 25953909-9\ngloria aguirre moreno\n964099849\nel parque 1675 el aplomar',2,'13876176-2','null',3,0,0,2),(7130,'2017-10-28','2017-11-04','c,comunitario ','16:17',101000,0,'',2,'15032486-6','null',0,0,0,3),(7131,'2017-10-28','2017-11-04','centro comunitario palomar','16:17',101000,0,'',2,'16168961-0','null',0,0,0,3),(7132,'2017-10-28','2017-11-04','centro comunitario palomar','14:00',80000,60000,'lente de cerca armazon cliente',1,'8142046-7','null',0,0,0,2),(7133,'2017-10-28','2017-11-04','c.comunitario','16:17',115000,0,'',2,'11592227-0','null',0,0,0,3),(7134,'2017-10-28','2017-11-04','c.comunitario palomar','16:17',82000,0,'',2,'10510805-2','null',0,0,0,3),(7135,'2017-10-28','2017-11-04','c.comunitario palomar','16:17',121000,0,'',2,'22393932-5','null',0,0,0,3),(7136,'2017-10-28','2017-11-04','centro comunitario palomar','14:00',106000,96000,'',1,'24351096-1','null',0,0,0,2),(7137,'2017-10-28','2017-11-04','centro comunitario palomar','14:00',64000,34000,'',1,'9730450-5','null',0,0,0,2),(7138,'2017-10-28','2017-11-04','c.comunitario palomar','16:17',70000,0,'',2,'23292637-6','null',3,0,0,3),(7139,'2017-10-28','2017-11-04','c.comunitario palomar','16:17',101000,71000,'',1,'9832968-4','null',0,0,0,3),(7140,'2017-10-28','2017-11-04','c.comunitario palomar','16:17',101000,71000,'',1,'10659523-2','null',0,0,0,3),(7141,'2017-10-28','2017-11-04','sexta compañia de bomberos','18:00',75000,65000,'',1,'9726076-1','null',0,0,0,2),(7142,'2017-10-28','2017-11-04','BOMBEROS DE LOS LOROS','18:19',214000,92600,'ALTURA BIFOCAL 17',1,'9015358-7','null',6,0,0,3),(7143,'2017-10-28','2017-11-04','sexta compañia de bomberos','18:00',52000,40000,'',1,'12515729-7','null',0,0,0,2),(7144,'2017-10-28','2017-11-04','BOMBERO DE LOS LOROS','18:19',64000,54000,'',1,'11345981-6','null',0,0,0,3),(7145,'2017-10-28','2017-11-04','BOMBERO DE LOS LOROS ','18:19',244000,0,'',2,'7712874-3','null',5,0,0,3),(7146,'2017-10-28','2017-11-04','sexta compañia de bomberos','18:00',101000,76000,'',1,'6226844-1','null',0,0,0,2),(7147,'2017-10-28','2017-11-04','sexta compañia de bomberos','18:00',52000,52000,'',1,'6226844-1','null',0,0,0,2),(7148,'2017-10-28','2017-11-04','sexta compañia de bomberos','18:00',64000,0,'',2,'11382964-8','null',6,0,0,2),(7149,'2017-10-28','2017-11-04','sexta compañia de bomberos','18:00',64000,0,'',2,'9728798-8','null',6,0,0,2),(7150,'2017-10-28','2017-11-04','BOMBEROS DE LOS LOROS','18:19',71000,46000,'',1,'7580016-9','null',0,0,0,3),(7151,'2017-10-28','2017-11-04','sexta compañia de bomberos','18:00',101000,60000,'',1,'4210598-8','null',0,0,0,2),(7152,'2017-10-28','2017-11-04','sexta compañia de bomberos','18:00',99000,49000,'',1,'19459888-2','null',0,0,0,2),(7153,'2017-10-28','2017-11-04','sexta compañia de bomberos','18:00',64000,0,'',2,'13872912-5','null',0,0,0,2),(7154,'2017-10-28','2017-11-04','BOMBERO DE LOS LOROS','18:19',64000,44000,'',1,'13826958-2','null',0,0,0,3),(7155,'2017-10-28','2017-11-04','sexta compañia de bomberos','18:00',82000,0,'',2,'7096598-4','null',0,0,0,2),(7156,'2017-10-28','2017-11-04','sexta compañia de bomberos','18:00',82000,0,'',2,'19352438-9','null',3,0,0,2),(7160,'2017-11-02','2017-11-09','Local','10:00-11:00',236400,0,'Ficha de prueba para impresion y desarrollo de nuevas mejoras en el codigo\n\ndadaadda',3,'17665703-0','null',0,0,2,4);
/*!40000 ALTER TABLE `ficha` ENABLE KEYS */;
UNLOCK TABLES;

--
-- Table structure for table `historial_pago`
--

DROP TABLE IF EXISTS `historial_pago`;
/*!40101 SET @saved_cs_client     = @@character_set_client */;
/*!40101 SET character_set_client = utf8 */;
CREATE TABLE `historial_pago` (
  `hp_id` int(11) NOT NULL,
  `hp_fecha` date NOT NULL,
  `hp_abono` int(11) NOT NULL,
  `hp_estado` int(11) NOT NULL,
  `tipo_pago_tp_id` int(11) NOT NULL,
  `ficha_fch_id` int(11) NOT NULL,
  PRIMARY KEY (`hp_id`)
) ENGINE=MyISAM DEFAULT CHARSET=utf8 COLLATE=utf8_spanish_ci;
/*!40101 SET character_set_client = @saved_cs_client */;

--
-- Dumping data for table `historial_pago`
--

LOCK TABLES `historial_pago` WRITE;
/*!40000 ALTER TABLE `historial_pago` DISABLE KEYS */;
INSERT INTO `historial_pago` VALUES (1,'2017-10-17',4000,1,1,1000),(2,'2017-10-18',22600,1,1,1001),(3,'2017-10-18',63000,1,2,1002),(4,'2017-10-18',63000,1,2,1003),(5,'2017-10-18',7000,1,2,1004),(6,'2017-10-18',63000,1,2,7000),(7,'2017-10-24',45000,1,0,7001),(8,'2017-10-24',45000,1,1,7002),(9,'2017-10-24',35700,1,2,7003),(10,'2017-10-24',45000,1,1,7004),(11,'2017-10-24',35700,1,2,7005),(12,'2017-10-24',45000,1,1,7005),(13,'2017-10-24',45000,1,1,7006),(14,'2017-10-24',45000,1,1,7007),(15,'2017-10-24',10000,1,1,7008),(16,'2017-10-24',10000,1,1,7009),(17,'2017-10-24',50000,1,1,7010),(18,'2017-10-24',50000,1,1,7011),(19,'2017-10-24',50000,1,1,7012),(20,'2017-10-24',10000,1,1,7013),(21,'2017-10-24',10000,1,2,7014),(22,'2017-10-24',60000,1,1,7015),(23,'2017-10-24',50000,1,1,7016),(24,'2017-10-26',30000,1,1,7017),(25,'2017-10-26',195520,1,2,7018),(26,'2017-10-26',58000,1,1,7019),(27,'2017-10-26',64000,1,1,7020),(28,'2017-10-26',10000,1,1,7021),(29,'2017-10-26',20000,1,2,7022),(30,'2017-10-26',152000,1,2,7023),(31,'2017-10-26',40000,1,1,7024),(32,'2017-10-26',166000,1,2,7025),(33,'2017-10-26',10000,1,1,7026),(34,'2017-10-26',50000,1,1,7027),(35,'2017-10-26',20000,1,1,7028),(36,'2017-10-26',50000,1,2,7029),(37,'2017-10-26',15000,1,1,7030),(38,'2017-10-26',20000,1,1,7031),(39,'2017-10-26',52000,1,2,7032),(40,'2017-10-26',148000,1,2,7033),(41,'2017-10-26',10000,1,1,7034),(42,'2017-10-26',20000,1,0,7036),(43,'2017-10-26',148000,1,2,7037),(44,'2017-10-26',20000,1,1,7038),(45,'2017-10-26',30000,1,1,7039),(46,'2017-10-26',10000,1,1,7040),(47,'2017-10-26',25000,1,2,7041),(48,'2017-10-26',50000,1,2,7042),(49,'2017-10-26',100000,1,1,7043),(50,'2017-10-26',10000,1,1,7044),(51,'2017-10-26',10000,1,1,7045),(52,'2017-10-26',20000,1,1,7046),(53,'2017-10-26',20000,1,1,7047),(54,'2017-10-26',30000,1,2,7049),(55,'2017-10-26',10000,1,1,7050),(56,'2017-10-26',20000,1,1,7051),(57,'2017-10-26',20000,1,1,7052),(58,'2017-10-26',30000,1,1,7053),(59,'2017-10-26',30000,1,1,7054),(60,'2017-10-26',40000,1,1,7055),(61,'2017-10-26',10000,1,1,7057),(62,'2017-10-26',20000,1,1,7058),(63,'2017-10-26',10000,1,1,7059),(64,'2017-10-26',20000,1,1,7060),(65,'2017-10-26',10000,1,1,7061),(66,'2017-10-26',64000,1,2,7062),(67,'2017-10-26',10000,1,1,7063),(68,'2017-10-26',10000,1,1,7064),(69,'2017-10-26',40000,1,1,7065),(70,'2017-10-26',30000,1,1,7066),(71,'2017-10-26',10000,1,1,7067),(72,'2017-10-26',10000,1,2,7069),(73,'2017-10-27',64000,1,2,7070),(74,'2017-10-27',20000,1,1,7071),(75,'2017-10-27',50000,1,1,7072),(76,'2017-10-27',10000,1,1,7073),(77,'2017-10-27',40000,1,1,7074),(78,'2017-10-27',101000,1,2,7075),(79,'2017-10-27',10000,1,1,7077),(80,'2017-10-27',10000,1,1,-7077),(81,'2017-10-27',10000,1,1,7078),(82,'2017-10-27',10000,1,1,7079),(83,'2017-10-27',25000,1,1,7080),(84,'2017-10-27',30000,1,1,7081),(85,'2017-10-27',25000,1,1,7082),(86,'2017-10-27',20000,1,1,7083),(87,'2017-10-27',64000,1,2,7084),(88,'2017-10-27',40000,1,1,7085),(89,'2017-10-27',20000,1,1,7086),(90,'2017-10-27',70000,1,2,7087),(91,'2017-10-27',10000,1,1,7088),(92,'2017-10-27',20000,1,1,7089),(93,'2017-10-27',10000,1,1,7090),(94,'2017-10-27',11000,1,1,7091),(95,'2017-10-27',10000,1,2,7092),(96,'2017-10-27',40000,1,1,7093),(97,'2017-10-27',20000,1,1,7094),(98,'2017-10-27',40000,1,1,7096),(99,'2017-10-27',10000,1,1,7097),(100,'2017-10-27',20000,1,2,7098),(101,'2017-10-27',51200,1,1,7099),(102,'2017-10-27',10000,1,2,7100),(103,'2017-10-27',30000,1,2,7101),(104,'2017-10-27',32000,1,2,7102),(105,'2017-10-27',20000,1,1,7103),(106,'2017-10-27',52000,1,2,7104),(107,'2017-10-27',70000,1,1,7105),(108,'2017-10-27',90900,1,2,7106),(109,'2017-10-27',10000,1,1,7107),(110,'2017-10-27',10000,1,1,7108),(111,'2017-10-27',30000,1,1,7109),(112,'2017-10-27',10000,1,1,7110),(113,'2017-10-27',10000,1,1,7111),(114,'2017-10-27',10000,1,1,7112),(115,'2017-10-27',10000,1,1,7113),(116,'2017-10-27',70000,1,1,7114),(117,'2017-10-27',6000,1,1,7115),(118,'2017-10-27',6000,1,1,7116),(119,'2017-10-27',80800,1,2,7117),(120,'2017-10-28',50000,1,2,7118),(121,'2017-10-28',20000,1,2,7119),(122,'2017-10-28',106000,1,2,7120),(123,'2017-10-28',20000,1,1,7121),(124,'2017-10-28',64000,1,1,7122),(125,'2017-10-28',10000,1,1,7123),(126,'2017-10-28',40000,1,2,7124),(127,'2017-10-28',12000,1,1,7125),(128,'2017-10-28',101000,1,2,7126),(129,'2017-10-28',30000,1,2,7127),(130,'2017-10-28',30000,1,2,7128),(131,'2017-10-28',101000,1,2,7130),(132,'2017-10-28',101000,1,2,7131),(133,'2017-10-28',20000,1,1,7132),(134,'2017-10-28',115000,1,2,7133),(135,'2017-10-28',82000,1,2,7134),(136,'2017-10-28',121000,1,2,7135),(137,'2017-10-28',10000,1,1,7136),(138,'2017-10-28',30000,1,2,7137),(139,'2017-10-28',30000,1,1,7139),(140,'2017-10-28',30000,1,1,7140),(141,'2017-10-28',10000,1,1,7141),(142,'2017-10-28',100000,1,2,7142),(143,'2017-10-28',12000,1,1,7143),(144,'2017-10-28',10000,1,1,7144),(145,'2017-10-28',195200,1,2,7145),(146,'2017-10-28',25000,1,1,7146),(147,'2017-10-28',57600,1,2,7148),(148,'2017-10-28',57600,1,2,7149),(149,'2017-10-28',25000,1,2,7150),(150,'2017-10-28',41000,1,1,7151),(151,'2017-10-28',50000,1,2,7152),(152,'2017-10-28',64000,1,2,7153),(153,'2017-10-28',20000,1,1,7154),(154,'2017-10-28',82000,1,2,7155),(155,'2017-11-02',30000,1,1,7159),(156,'2017-11-02',36000,1,1,7160),(157,'2017-11-09',999,1,1,7160),(158,'2017-11-07',401,1,7160,7160),(159,'2017-11-07',9000,1,7160,7160),(160,'2017-11-07',700,1,2,7160),(161,'2017-11-07',150,1,1,7160),(162,'2017-11-07',150,1,3,7160),(163,'2017-11-07',189000,1,1,7160),(164,'2017-11-07',58000,1,1,7017);
/*!40000 ALTER TABLE `historial_pago` ENABLE KEYS */;
UNLOCK TABLES;

--
-- Table structure for table `info`
--

DROP TABLE IF EXISTS `info`;
/*!40101 SET @saved_cs_client     = @@character_set_client */;
/*!40101 SET character_set_client = utf8 */;
CREATE TABLE `info` (
  `nombre` varchar(25) COLLATE utf8_spanish_ci NOT NULL,
  `direccion` varchar(45) COLLATE utf8_spanish_ci NOT NULL,
  `ciudad` varchar(25) COLLATE utf8_spanish_ci NOT NULL,
  `telefono` varchar(12) COLLATE utf8_spanish_ci NOT NULL,
  `celular` varchar(12) COLLATE utf8_spanish_ci NOT NULL,
  `mail` varchar(45) COLLATE utf8_spanish_ci NOT NULL,
  `web` varchar(45) COLLATE utf8_spanish_ci NOT NULL,
  `folio_actual` int(11) NOT NULL,
  `id` int(11) NOT NULL,
  `admin_mail` varchar(45) COLLATE utf8_spanish_ci NOT NULL,
  `pass` varchar(45) COLLATE utf8_spanish_ci NOT NULL,
  PRIMARY KEY (`nombre`)
) ENGINE=MyISAM DEFAULT CHARSET=utf8 COLLATE=utf8_spanish_ci;
/*!40101 SET character_set_client = @saved_cs_client */;

--
-- Dumping data for table `info`
--

LOCK TABLES `info` WRITE;
/*!40000 ALTER TABLE `info` DISABLE KEYS */;
INSERT INTO `info` VALUES ('GROW VISION','Av. Amunategui 489 Of. 230 Portal Amunategui','La Serena ','512689888','962122902','info@opticasgrow.cl','www.opticasgrow.cl',7161,1,'softdirex@gmail.com','alexis2017');
/*!40000 ALTER TABLE `info` ENABLE KEYS */;
UNLOCK TABLES;

--
-- Table structure for table `institucion`
--

DROP TABLE IF EXISTS `institucion`;
/*!40101 SET @saved_cs_client     = @@character_set_client */;
/*!40101 SET character_set_client = utf8 */;
CREATE TABLE `institucion` (
  `ins_id` int(11) NOT NULL,
  `ins_nombre` varchar(45) COLLATE utf8_spanish_ci NOT NULL,
  `ins_telefono` varchar(12) COLLATE utf8_spanish_ci NOT NULL,
  `ins_mail` varchar(45) COLLATE utf8_spanish_ci NOT NULL,
  `ins_direccion` varchar(45) COLLATE utf8_spanish_ci NOT NULL,
  `ins_comuna` varchar(45) COLLATE utf8_spanish_ci NOT NULL,
  `ins_ciudad` varchar(45) COLLATE utf8_spanish_ci NOT NULL,
  `ins_estado` int(11) NOT NULL,
  PRIMARY KEY (`ins_id`)
) ENGINE=MyISAM DEFAULT CHARSET=utf8 COLLATE=utf8_spanish_ci;
/*!40101 SET character_set_client = @saved_cs_client */;

--
-- Dumping data for table `institucion`
--

LOCK TABLES `institucion` WRITE;
/*!40000 ALTER TABLE `institucion` DISABLE KEYS */;
INSERT INTO `institucion` VALUES (1,'DELEGACION MUNICIPAL LA ANTENA','512206618','','AV. 18 DE SEPTIEMBRE ','LA SERENA','LA SERENA ',0);
/*!40000 ALTER TABLE `institucion` ENABLE KEYS */;
UNLOCK TABLES;

--
-- Table structure for table `lente`
--

DROP TABLE IF EXISTS `lente`;
/*!40101 SET @saved_cs_client     = @@character_set_client */;
/*!40101 SET character_set_client = utf8 */;
CREATE TABLE `lente` (
  `len_id` varchar(25) COLLATE utf8_spanish_ci NOT NULL,
  `len_color` varchar(25) COLLATE utf8_spanish_ci NOT NULL,
  `len_tipo` varchar(45) COLLATE utf8_spanish_ci NOT NULL,
  `len_marca` varchar(45) COLLATE utf8_spanish_ci NOT NULL,
  `len_material` varchar(45) COLLATE utf8_spanish_ci NOT NULL,
  `len_flex` int(11) NOT NULL,
  `len_clasificacion` int(11) NOT NULL,
  `len_descripcion` text COLLATE utf8_spanish_ci NOT NULL,
  `len_precio_ref` int(11) NOT NULL,
  `len_precio_act` int(11) NOT NULL,
  `len_stock` int(11) NOT NULL,
  `len_stock_min` int(11) NOT NULL,
  `len_estado` int(11) NOT NULL
) ENGINE=MyISAM DEFAULT CHARSET=utf8 COLLATE=utf8_spanish_ci;
/*!40101 SET character_set_client = @saved_cs_client */;

--
-- Dumping data for table `lente`
--

LOCK TABLES `lente` WRITE;
/*!40000 ALTER TABLE `lente` DISABLE KEYS */;
INSERT INTO `lente` VALUES ('ux56','c1','aro completo','ux','acetato',0,0,'',0,72000,1,1,1),('ux51','c1','aro completo','ux','acetato',0,0,'',0,72000,1,1,1),('mm1033','c12','aro completo','marchioni','metal',0,1,'',0,72000,1,1,1),('mm1059','c1','semi al aire','marchioni','metal',0,0,'',0,72000,1,1,1),('mt001','c3','aro completo','marchioni','acetato',0,1,'',0,72000,1,1,1),('cp9009','c4','aro completo','cnx','acetato',0,1,'',0,41000,1,1,1),('cp8020','c4','aro completo','cnx','acetato',0,1,'',0,41000,1,1,1),('cp9006','c1','aro completo','cnx','acetato',0,1,'',0,41000,0,1,1),('cp9006','c2','aro completo','cnx','acetato',0,1,'',0,41000,1,1,1),('cp9006','c4','aro completo','cnx','acetato',0,1,'',0,41000,0,1,1),('cp9008','c1','aro completo','cnx','acetato',0,0,'',0,41000,1,1,1),('cp9008','c2','aro completo','cnx','acetato',0,1,'',0,41000,1,1,1),('cp9008','c4','aro completo','cnx','acetato',0,0,'',0,41000,1,1,1),('cp8031','c15','aro completo','cnx','acetato',0,1,'',0,41000,1,1,1),('cp8031','c32','aro completo','cnx','acetato',0,0,'',0,41000,2,1,1),('cp8017','c11','aro completo','cnx','acetato',0,0,'',0,41000,1,1,1),('cp8017','c18','aro completo','cnx','acetato',0,0,'',0,41000,1,1,1),('cp8016','c14','aro completo','cnx','acetato',0,1,'',0,41000,1,1,1),('co8016','c15','aro completo','cnx','acetato',0,1,'',0,41000,1,1,1),('cp8016','c9','aro completo','cnx','acetato',0,0,'',0,41000,0,1,1),('cp8016','c4','aro completo','cnx','acetato',0,0,'',0,41000,1,1,1),('cp9002','c1','aro competo','cnx','acetato',0,1,'',0,41000,0,1,1),('cp8021','c1','aro completo','cnx','acetato',0,1,'',0,41000,1,1,1),('cp9005','c1','aro completo','cnx','acetato',0,1,'',0,41000,1,1,1),('dm7527','c12','aro completo','di monti','metal',1,1,'',0,72000,2,1,1),('dm7517','c11','aro completo','di monti','metal',1,1,'',0,72000,2,1,1),('dm7526','c10','aro completo','di monti','metal',1,1,'',0,72000,2,1,1),('dm7528','c10','semi al aire','di monti','metal',1,1,'',0,72000,0,1,1),('as2048','c3','aro completo','atlantis','metal',1,2,'',0,72000,0,1,1),('as2040','c8','aro completo','atlantis','metal',1,2,'',0,72000,2,1,1),('as2038','c6','aro completo','atlantis','metal',1,2,'',0,72000,0,1,1),('as2045','c8','semi al aire','atlantis','metal',1,2,'',0,72000,1,1,1),('as043','c2','aro completo','atlantis','metal',1,2,'',0,72000,1,1,1),('as2043','c6','aro completo','atlantis','metal',1,2,'',0,72000,0,1,1),('as2043','c8','aro completo','atlantis','metal',1,2,'',0,72000,0,1,1),('an2059','c3','aro completo','atlantis','acetato',0,1,'',0,72000,1,1,1),('an2059','c4','aro completo','atlantis','acetato',0,1,'',0,72000,1,1,1),('an2053','c4','aro completo','atlantis','acetato',0,1,'',0,72000,1,1,1),('an2053','c1','aro completo','atlantis','acetato',0,0,'',0,72000,1,1,1),('an2041','c4','aro completo','atlantis','acetato',0,0,'',0,72000,1,1,1),('as2059','c11','aro completo','atlantis','metal',1,1,'',0,72000,0,1,1),('as2031','c12','aro completo','atlantis','metal',1,1,'',0,72000,0,1,1),('as2017','c3','aro completo','atlantis','metal',1,1,'',0,72000,1,1,1),('as2050','c2','aro completo','atlantis','metal',1,1,'',0,72000,1,1,1),('as2018','c12','aro completa','atlantis','metal',1,1,'',0,72000,1,1,1),('as2021','c12','semi al aire','atlantis','metal',1,1,'',0,72000,0,1,1),('as2027','c12','aro completo','atlantis','metal',1,1,'',0,72000,1,1,1),('as2027','c5','aro completo','atlantis','metal',1,1,'',0,72000,1,1,1),('as2027','c11','aro completo','atlantis','metal',1,1,'',0,72000,1,1,1),('as2029','c11','aro completo','atlantis','metal',1,1,'',0,72000,1,1,1),('as2029','c9','aro completo','atlantis','metal',1,1,'',0,72000,1,1,1),('ht55017','c3','aro completo','ravello','acetato',0,1,'',0,41000,0,1,1),('an2053','c3','aro completo','atlantis','acetato',0,1,'',0,72000,0,1,1),('an2045','c1','aro completo','atlantis','acetato',0,1,'',0,72000,1,1,1),('an2055','c1','aro completo','atlantis','acetato',0,1,'',0,72000,1,1,1),('an2055','c2','aro completo','atlantis','acetato',0,1,'',0,72000,1,1,1),('mo6436','c6','aro completo','mocatto','acetato',0,0,'',0,41000,1,1,1),('mo6436','c9','aro completo','mocatto','acetato',0,0,'',0,41000,1,1,1),('mo6450','c7','aro completo','mocatto','acetato',0,0,'',0,41000,1,1,1),('mo6450','c4','aro completo','mocatto','acetato',0,0,'',0,41000,1,1,1),('mo6450','c14','aro completo','mocatto','acetato',0,0,'',0,41000,1,1,1),('mo6450','c20','aro completo','mocatto','acetato',0,0,'',0,41000,1,1,1),('mo6439','c1','aro completo','mocatto','acetato',0,0,'',0,41000,1,1,1),('mo6441','c2','aro completo','mocatto','acetato',0,0,'',0,41000,1,1,1),('mo6441','c6','aro completo','mocatto','acetato',0,0,'',0,41000,2,1,1),('mo6439','c12','aro completo','mocatto','acetato',0,0,'',0,41000,1,1,1),('mo6439','c16','aro completo','mocatto','acetato',0,0,'',0,41000,1,1,1),('mo6439','c20','aro completo','mocatto','acetato',0,0,'',0,41000,1,1,1),('mo6441','c19','aro completo','mocatto','acetato',0,0,'',0,41000,1,1,1),('mo6451','c9','aro completo','mocatto','acetato',0,0,'',0,41000,2,1,1),('mo6451','c20','aro completo','mocatto','acetato',0,0,'',0,41000,2,1,1),('mo6451','c7','aro completo','mocatto','acetato',0,0,'',0,41000,1,1,1),('mo6451','c4','aro completo','mocatto','acetato',0,0,'',0,41000,1,1,1),('mo6451','c3','aro completo','mocatto','acetato',0,0,'',0,41000,1,1,1),('mo6442','c1','aro completo','mocatto','acetato',0,0,'',0,41000,1,1,1),('mo6442','c10','aro completo','mocatto','acetato',0,0,'',0,41000,1,1,1),('mo6442','c6','aro completo','mocatto','acetato',0,0,'',0,41000,1,1,1),('mo6442','c5','aro completo','mocatto','acetato',0,0,'',0,41000,2,1,1),('mo6442','c4','aro completo','mocatto','acetato',0,0,'',0,41000,1,1,1),('','','','','',0,0,'',0,0,0,0,1),('mo6445','c7','aro completo','mocatto','acetato',0,0,'',0,41000,2,1,1),('mo6445','c10','aro completo','mocatto','acetato',0,0,'',0,41000,1,1,1),('mo6445','c8','aro completo','mocatto','acetato',0,0,'',0,41000,2,1,1),('mo6445','c19','aro completo','mocatto','acetato',0,0,'',0,41000,1,1,1),('mo6440','c1','aro completo','mocatto','acetato',0,0,'',0,41000,2,1,1),('mo6440','c3','aro completo','mocatto','acetato',0,0,'',0,41000,1,1,1),('mo6440','c4','aro completo','mocatto','acetato',0,0,'',0,41000,2,1,1),('mo6440','c9','aro completo','mocatto','acetato',0,0,'',0,41000,1,1,1),('mo6440','c20','aro completo','mocatto','acetato',0,0,'',0,41000,1,1,1),('mo6438','c1','aro completo','mocatto','acetato',0,0,'',0,41000,2,1,1),('mo6438','c2','aro completo','mocatto','acetato',0,0,'',0,41000,1,1,1),('mo6438','c3','aro completo','mocatto','acetato',0,0,'',0,41000,1,1,1),('mo6438','c7','aro completo','mocatto','acetato',0,0,'',0,41000,1,1,1),('mo6438','c12','aro completo','mocatto','acetato',0,0,'',0,41000,1,1,1),('mo6438','c16','aro completo','mocatto','acetato',0,0,'',0,41000,2,1,1),('mo6449','c3','aro completo','mocatto','acetato',0,0,'',0,41000,1,1,1),('mo6449','c8','aro completo','mocatto','acetato',0,0,'',0,41000,1,1,1),('mo6449','c15','aro completo','mocatto','acetato',0,0,'',0,41000,1,1,1),('mo6449','c17','aro comleto','mocatto','acetato',0,0,'',0,41000,2,1,1),('mo6449','c21','aro completo','mocatto','acetato',0,0,'',0,41000,2,1,1),('sr6033','c02','aro completo','atlantis','acetato',0,1,'',0,72000,1,1,1),('sr6033','c03','aro completo','atlantis','acetato',0,1,'',0,72000,1,1,1),('an2047','c2','aro completo','atlantis','acetato',0,1,'',0,72000,1,1,1),('dm7529','c5','aro completo','di monti','metal',1,1,'',0,72000,2,1,1),('dm7529','c11','aro completo','di monti','metal',1,1,'',0,72000,2,1,1),('dm7517','c5','aro comleto','di monti','metal',1,1,'',0,72000,1,1,1),('dm7505','c4','aro completo','di monti','metal',1,1,'',0,72000,2,1,1),('dm7526','c5','aro completo','di monti','metal',1,1,'',0,72000,1,1,1),('dm7516','c5','aro completo','di monti','metal',1,1,'',0,72000,1,1,1),('dm7524','c11','aro completo','di monti','metal',1,1,'',0,72000,0,1,1),('dm7503','c5','aro completo','di monti','metal',1,1,'',0,72000,1,1,1),('dm7528','c12','aro completo','di monti','metal',1,1,'',0,72000,1,1,1),('dm7503','c10','aro completo','di monti','metal',1,1,'',0,72000,1,1,1),('dm7504','c10','aro completo','di monti','metal',1,1,'',0,72000,1,1,1),('an2047','c4','aro completo','atlantis','acetato',0,1,'',0,72000,1,1,1),('lj012','c3','aro completo','lavanett junior','acetato',0,1,'',0,53000,1,1,1),('lj014','c2','aro completo','lavanett junior','acetato',0,0,'',0,53000,0,1,1),('lj012','c2','aro completo','lavanett junior','acetato',0,0,'',0,53000,1,1,1),('lj019','c2','aro completo','lavanett junior','acetato',1,1,'',0,53000,1,1,1),('lj019','c5','aro completo','lavanett junior','acetato',0,1,'',0,53000,1,1,1),('lj019','c3','aro completo','lavanett junior','acetato',0,1,'',0,53000,1,1,1),('lj016','c1','aro completa','lavanett junior','acetato',0,0,'',0,53000,1,1,1),('lj013','c2','aro completo','lavanett junior','acetato',0,1,'',0,53000,1,1,1),('lj013','c4','aro completo','lavanett junior','acetato',0,0,'',0,53000,1,1,1),('15ux09','c4','aro completo','ux','metal',0,1,'',0,72000,1,1,1),('17ux101','c1','aro completo','ux','acetato',0,0,'',0,72000,1,1,1),('na1007','c3','aro completo','neux','acetato',0,0,'',0,41000,1,1,1),('na1012','c3','aro completo','neux','acetato',0,0,'',0,41000,1,1,1),('ns601','c03','aro completo','nor west','acetato',0,0,'',0,72000,1,1,1),('nw660','c1','aro completo','norwest','acetato',0,0,'',0,72000,1,0,1),('ep10401','c4','aro completo','eye player','metal',1,2,'',0,53000,1,1,1),('ep10403','c2','aro completo','eye player','metal',1,2,'',0,53000,2,1,1),('ep10402','c1','aro completo','eye player','metal',1,2,'',0,53000,1,1,1),('ep10403','c4','aro completo','eye player','metal',1,2,'',0,53000,1,1,1),('ep10402','c3','aro completo','eye player','metal',1,2,'',0,53000,1,1,1),('ep10402','c2','aro completo','eye player','metal',1,2,'',0,53000,2,1,1),('vi8408','c1','aro completo','victoria','metal',1,1,'',0,53000,1,1,1),('vi8408','c3','aro completo','victoria','metal',1,1,'',0,53000,0,1,1),('vi8406','c2','aro completo','victoria','metal',0,1,'',0,53000,0,1,1),('vi8408','c4','aro completo','victoria','metal',0,0,'',0,53000,3,1,1),('vi8406','c1','aro completo','victoria','metal',0,0,'',0,53000,3,1,1),('vi8403','c2','aro completo','victoria','metal',0,1,'',0,53000,2,1,1),('vi8403','c3','aro completo','victoria','metal',1,1,'',0,53000,1,1,1),('vi8402','c2','aro completo','victoria','metal',0,0,'',0,53000,1,1,1),('vi8402','c1','aro completo','victoria','metal',0,0,'',0,53000,1,1,1),('vi8402','c3','aro completo','victoria','metal',0,0,'',0,53000,1,1,1),('vi8401','c3','aro completo','victoria','metal',0,1,'',0,53000,1,1,1),('vi8401','c2','aro completo','victoria','metal',1,1,'',0,53000,1,1,1),('vi8401','c1','aro completo','victoria','metal',0,1,'',0,53000,1,1,1),('vi8404','c4','aro completo','victoria','metal',0,2,'',0,53000,1,1,1),('vi8405','c4','aro completo','victoria','metal',1,0,'',0,53000,3,1,1),('vi8405','c2','aro completo','victoria','metal',1,1,'',0,53000,1,1,1),('vi8405','c1','aro completo','victoria','metal',1,0,'',0,53000,1,1,1),('vi8407','c1','aro completo','victoria','metal',1,0,'',0,53000,2,1,1),('vi8407','c4','aro completo','victoria','metal',1,1,'',0,53000,2,1,1),('vi8407','c3','aro completo','victoria','metal',1,1,'',0,53000,1,1,1),('vi8407','c2','aro completo','victoria','metal',0,0,'',0,53000,1,1,1),('pr3459','c7','semi al aire','pierre robert','metal',1,0,'',0,29000,1,1,1),('pr3508','c7','aro completo','pierre robert','metal',1,0,'',0,29000,1,1,1),('pr3520','c2','semi al aire','pierre robert','metal',1,0,'',0,29000,1,1,1),('pr3479','c8','aro completo','pierre robert','metal',1,0,'',0,29000,2,1,1),('pr3476','c10','aro completo','pierre robert','metal',1,1,'',0,29000,1,1,1),('pr3514','c10','semi al aire','pierre robert','metal',1,1,'',0,29000,0,1,1),('pr3450','c3','aro completo','pierre robert','metal',1,0,'',0,29000,1,1,1),('pr3450','c8','aro completo','pierre robert','metal',1,0,'',0,29000,2,1,1),('pr3450','c4','aro completo','pierre robert','metal',1,0,'',0,29000,1,1,1),('pr3450','c2','aro completo','pierre robert','metal',1,0,'',0,29000,2,1,1),('pr3450','c1','aro completo','pierre robert','metal',1,0,'',0,29000,2,1,1),('pr3478','c10','aro completo','pierre robert','metal',1,0,'',0,29000,1,1,1),('pr3478','c4','aro completo','pierre robert','metal',1,0,'',0,29000,2,1,1),('pr3478','c3','aro completo','pierre robert','metal',1,0,'',0,29000,3,1,1),('pr3478','c1','aro completo','pierre robert','metal',1,0,'',0,29000,1,1,1),('pr3472','c8','semi al aire','pierre robert','metal',1,0,'',0,29000,2,1,1),('pr3472','c4','semi al aire','pierre robert','metal',1,0,'',0,29000,1,1,1),('pr3472','c3','semi al aire','pierre robert','metal',1,0,'',0,29000,1,1,1),('pr3472','c1','semi al aire','pierre robert','metal',1,0,'',0,29000,1,1,1),('pr3518','c3','aro completo','pierre robert','metal',1,0,'',0,29000,4,1,1),('la452','c7','aro completo','lavanett','metal',1,1,'',0,72000,1,1,1),('la452','c12','aro completo','lavanett','metal',1,0,'',0,72000,1,1,1),('la430','c6','aro completo','lavanett','metal',1,0,'',0,72000,1,1,1),('la337','c6','aro completo','lavanett','metal',1,0,'',0,72000,0,1,1),('la337','c3','aro completo','lavanett','metal',1,0,'',0,72000,0,1,1),('la490','c11','aro completo','lavanett','metal',0,0,'',0,72000,1,1,1),('la490','c8','aro completo','lavanett','metal',1,0,'',0,72000,0,1,1),('la505','c8','aro comleto','lavanett','metal',1,0,'',0,72000,1,1,1),('la505','c9','aro completo','lavanett','metal',1,0,'',0,72000,0,1,1),('la494','c11','aro completo','lavanett','metal',1,0,'',0,72000,1,1,1),('la507','c8','aro completo','lavanett','metal',1,0,'',0,72000,2,1,1),('la507','c9','aro completo','lavanett','metal',1,0,'',0,72000,1,1,1),('la328','c12','aro completo','lavanett','metal',1,0,'',0,72000,1,1,1),('la 328','c10','aro completo','lavanett','metal',1,0,'',0,72000,2,1,1),('la383','c2','aro completo','lavanett','metal',1,0,'',0,72000,0,1,1),('la476','c11','semi al aire','lavanett','metal',1,0,'',0,72000,1,1,1),('la401','c8','aro completo','lavanett','metal',1,0,'',0,72000,0,1,1),('la385','c11','aro completo','lavanett','metal',1,0,'',0,72000,1,1,1),('la385','c9','aro completo','lavanett','metal',1,1,'',0,72000,1,1,1),('la385','c8','aro completo','lavanett','metal',1,0,'',0,72000,0,1,1),('la348','c5','aro completo','lavanett','metal',1,0,'',0,72000,1,1,1),('la404','c2','aro completo','lavanett','metal',1,0,'',0,72000,1,1,1),('la3024','c11','aro completo','lavanett','metal',1,0,'',0,72000,0,1,1),('la491','c11','aro completo','lavanett','metal',1,0,'',0,72000,1,1,1),('la491','c8','aro completo','lavanett','metal',1,0,'',0,72000,1,1,1),('la491','c2','aro completo','lavanett','metal',1,0,'',0,72000,1,1,1),('la426','c1','semi al aire','lavanett','metal',1,0,'',0,72000,1,1,1),('la495','c2','semi al aire','lavanett','metall',1,0,'',0,72000,0,1,1),('la325','c11','aro completo','lavanett','metal',1,0,'',0,72000,1,1,1),('la325','c10','aro completo','lavanett','metal',1,0,'',0,72000,0,1,1),('la325','c9','aro completo','lavanett','metal',1,0,'',0,72000,2,1,1),('la325','c6','aro completo','lavanett','metal',1,0,'',0,72000,1,1,1),('la325','c2','aro completo','lavanett','metl',1,0,'',0,72000,1,1,1),('nt290','c1','aro completo','lavanett','acetato',0,0,'',0,72000,1,1,1),('nt008','c1','aro completo','lavanett','acetato',0,0,'',0,72000,3,1,1),('nt295','c3','aro completo','lavanett','acetato',0,0,'',0,72000,1,1,1),('nt290','c4','aro completo','lavanett','acetato',0,0,'',0,72000,1,1,1),('nt308','c4','aro completo','lavanett','acetato',0,0,'',0,72000,1,1,1),('nt281','c1','aro completo','lavanett','acetato',0,0,'',0,72000,1,1,1),('nt293','c3','aro completo','lavanett','acetato',0,0,'',0,72000,1,1,1),('nt294','c3','aro completo','lavanett','acetato',0,0,'',0,72000,1,1,1),('nt292','c5','aro completo','lavanett','acetato',0,0,'',0,72000,1,1,1),('nt123','c6','aro completo','lavanett','acetato',0,0,'',0,72000,1,1,1),('nt123','c4','aro completo','lavamnett','acetato',0,0,'',0,72000,1,1,1),('nt121','c1','aro completo','lavanett','acetato',0,0,'',0,72000,0,1,1),('nt286','c1','aro completo','lavanett','acetato',0,0,'',0,72000,1,1,1),('nt279','c2','aro completo','lavanett','acetato',0,0,'',0,72000,1,1,1),('nt073','c3','aro completo','lavanett','acetato',0,0,'',0,72000,0,1,1),('nt245','c5','aro completo','lavanett','acetato',0,0,'',0,72000,1,1,1),('nt255','c3','aro completo','lavanett','acetato',0,0,'',0,72000,1,1,1),('nt285','c4','aro completo','lavanett','acetato',0,0,'',0,72000,0,1,1),('nt285','c3','aro completo','lavanett','acetato',0,0,'',0,72000,1,1,1),('nt311','c2','aro completo','lavanett','acetato',0,0,'',0,72000,0,1,1),('nt230','c1','aro completo','lavanett','acetato',0,0,'',0,72000,0,1,1),('nt304','c1','aro completo','lavanett','acetato',0,0,'',0,72000,1,1,1),('nt272','c6','aro completo','lavanett','acetato',0,0,'',0,72000,1,1,1),('nt272','c2','aro completo','lavanett','acetato',0,0,'',0,72000,1,1,1),('nt309','c3','aro completo','lavanett','acetato',0,0,'',0,72000,0,1,1),('nt274','c4','aro completo','lavanett','acetato',0,0,'',0,72000,1,1,1),('nt274','c3','aro completo','lavanett','acetato',0,0,'',0,72000,1,1,1),('nt274','c2','aro completo','lavanett','acetato',0,0,'',0,72000,1,1,1),('nt283','c2','aro completo','lavanett','acetato',0,0,'',0,72000,1,1,1),('nt283','c5','aro completo','lavanett','acetato',0,0,'',0,72000,0,1,1),('nt3026','c3','aro completo','lavanett','acetato',0,0,'',0,72000,1,1,1),('nt3026','c2','aro completo','lavanett','acetato',0,0,'',0,72000,1,1,1),('nt284','c5','aro completo','lavanett','acetato',0,0,'',0,72000,1,1,1),('nt284','c4','aro completo','lavanett','acetato',0,0,'',0,72000,2,1,1),('nt284','c3','aro completo','lavanett','acetato',0,0,'',0,72000,1,1,1),('nt284','c2','aro completo','lavanett','acetato',0,0,'',0,72000,1,1,1),('ht99023','c02','aro completo','ravello','acetato',0,0,'',0,41000,1,1,1),('ht55015','c3','aro completo','ravello','acetato',0,0,'',0,41000,1,1,1),('hx10018','c1','aro completo','ravello','aceato',0,0,'',0,41000,1,1,1),('ht99017','c01','aro completo','ravello','acetato',0,0,'',0,41000,1,1,1),('dc16143','c1','aro completo','ravello','acetato',0,0,'',0,41000,1,1,1),('dc17002','c2','aro completo','ravello','acetato',0,0,'',0,41000,1,1,1),('dc17002','c1','aro completo','ravello','aceato',0,0,'',0,41000,1,1,1),('ht55020','c4','aro completo','ravello','acetato',0,0,'',0,41000,1,1,1),('dc16140','c4','aro completo','ravello','acetato',0,0,'',0,41000,1,1,1),('dc16140','c2','aro completo','ravello','acetato',0,0,'',0,41000,1,1,1),('17pls013','c3','aro completo','sillonett','acetato y metal',0,0,'',0,35000,1,1,1),('17pls013','c1','aro completo','sillonett','acetato y metal',0,0,'',0,35000,1,1,1),('17xdls006','c3','aro completo','sillonett','acetato',0,0,'',0,35000,1,1,1),('17xdls006','c1','aro completo','sillonett','acetato',0,0,'',0,35000,2,1,1),('17xdls006','c5','aro completo','sillonett','acetato',0,0,'',0,35000,2,1,1),('17xdls005','c5','aro completo','sillonett','acetato',0,0,'',0,35000,3,1,1),('17xdls005','c1','aro completo','sillonett','acetato',0,0,'',0,35000,1,1,1),('17xdls005','c3','aro completo','sillonett','acetato',0,0,'',0,35000,1,1,1),('17xdls006','c6','aro completo','sillonett','acetato',0,0,'',0,35000,1,1,1),('17xdls034','c1','aro completo','sillonett','acetato',0,0,'',0,35000,2,0,1),('17xdls034','c3','aro completo','sillonett','acetato',0,0,'',0,35000,1,1,1),('17xdls034','c4','aro completo','sillonett','acetato',0,0,'',0,35000,1,1,1),('17xdls008','c1','aro completo','sillonett','acetato',0,0,'',0,35000,1,1,1),('17xdls008','c6','aro completo','sillonett','acetato',0,0,'',0,35000,1,1,1),('17xdls008','c5','aro completo','sillonett','acetato',0,0,'',0,35000,1,1,1),('17xdls011','c1','aro completo','sillonett','acetato',0,0,'',0,35000,3,1,1),('17xdls011','c3','aro completo','sillonett','acetato',0,0,'',0,35000,2,1,1),('17xdls011','c5','aro completo','sillonett','acetato',0,0,'',0,35000,1,1,1),('17xdls014','c1','aro completo','sillonett','acetato',0,0,'',0,35000,3,1,1),('17xdls014','c3','aro completo','sillonett','acetato',0,0,'',0,35000,1,1,1),('18xdl013','c1','aro completo','sillonett','acetato',0,0,'',0,35000,2,1,1),('18xdl013','c5','aro completo','sillonett','acetato',0,0,'',0,35000,1,1,1),('18xdl013','c4','aro completo','sillonett','',0,0,'',0,35000,1,1,1),('18xdl006','c1','aro completo','sillonett','acetato',0,0,'',0,35000,4,1,1),('18xdl006','c4','aro completo','sillonett','acetato',0,0,'',0,35000,1,1,1),('17fsd086','c1','aro completo','sillonett','acetato',0,0,'',0,35000,2,1,1),('17fsd140','c1','aro completo','sillonett','acetato',0,0,'',0,35000,1,1,1),('17fsd140','c4','aro completo','sillonett','acetato',0,0,'',0,35000,1,1,1),('17fsd139','c6','aro completo','sillonett','acetato',0,0,'',0,35000,2,1,1),('17fsd140','c3','aro completo','sillonett','acetato',0,0,'',0,35000,1,1,1),('17fsd125','c5','aro completo','sillonett','acetato',0,0,'',0,35000,1,1,1),('17fsd125','c1','aro completo','sillonett','acetato',0,0,'',0,35000,1,1,1),('17fsd125','c2','aro completo','sillonett','acetato',0,0,'',0,35000,1,1,1),('18xdl005','c6','aro completo','sillonett','acetato',0,0,'',0,35000,1,1,1),('17fsd129','c4','aro completo','sillonett','acetato',0,0,'',0,35000,1,1,1),('17fsd129','c5','aro completo','sillonett','acetato',0,0,'',0,35000,1,1,1),('17fsd129','c1','aro completo','sillonett','acetato',0,0,'',0,35000,1,1,1),('17fsd144','c4','aro completo','sillonett','acetato',0,0,'',0,35000,1,1,1),('17fsd144','c7','aro completo','sillonett','acetato',0,0,'',0,35000,1,1,1),('17fsd144','c2','aro completo','sillonett','acetato',0,0,'',0,35000,1,1,1),('17xdls017','c7','aro completo','sillonett','acetato',0,0,'',0,35000,1,1,1),('17xdls017','c2','aro completo','sillonett','acetato',0,0,'',0,35000,1,1,1),('17fsd134','c3','aro completo','sillonett','acetato',0,0,'',0,35000,1,1,1),('17fsd134','c7','aro completo','sillonett','acetato',0,0,'',0,35000,1,1,1),('17fsd134','c2','aro completo','sillonett','acetato',0,0,'',0,35000,0,1,1),('17fsd133','c1','aro completo','sillonett','acetato',0,0,'',0,35000,1,1,1),('17fsd133','c4','aro completo','sillonett','acetato',0,0,'',0,35000,0,1,1),('18xdl002','c1','aro completo','sillonett','acetato',0,0,'',0,35000,3,0,1),('17fsd087','c3','aro completo','sillonett','acetato',0,0,'',0,35000,1,1,1),('17xdls008','c3','aro completo','sillonett','acetato',0,0,'',0,35000,1,1,1),('18xdl002','c3','aro completo','sillonett','acetato',0,0,'',0,35000,1,1,1),('17xdls001','c6','aro completo','sillonett','acetato',0,0,'',0,35000,1,1,1),('17fsd128','c5','aro completo','sillonett','acetato',0,0,'',0,35000,1,1,1),('18xdl005','c1','aro completo','sillonett','acetato',0,0,'',0,35000,1,1,1),('17pls011','c1','aro completo','sillonett','acetato',0,0,'',0,35000,1,1,1),('117fsd139','c4','aro completo','sillonett','acetato',0,0,'',0,35000,1,1,1),('2292','c4','aro completo','sillonett','acetato',0,0,'',0,35000,1,1,1),('2292','c1','aro completo','sillonett','acetato',0,0,'',0,35000,1,1,1),('2292','c6','aro completo','sillonett','acetato',0,0,'',0,35000,1,1,1),('2292','c5','aro completo','sillonett','acetato',0,0,'',0,35000,1,1,1),('17fsd128','c1','aro completo','sillonett','acetato',0,0,'',0,35000,1,1,1),('17fsd128','c3','aro completo','sillonett','acetato',0,0,'',0,35000,1,1,1),('17fsd124','c1','aro cmpleto','sillonett','acetato',0,0,'',0,35000,1,1,1),('17fsd124','c4','aro completo','sillonett','acetato',0,0,'',0,35000,1,1,1),('OP7112','C2','aro completo','optc100','acetato',0,0,'',0,35000,1,1,1),('op8003','c17','aro completo','optic100','acetato',0,0,'',0,35000,1,1,1),('op8033','c15','aro completo','optic100','acetato',0,0,'',0,35000,1,1,1),('op8022','c0','aro completo','optic100','acetato',0,0,'',0,35000,1,1,1),('op6005','c7','aro completo','optic100','acetato',0,0,'',0,35000,0,1,1),('op8010','c1','aro completo','optic100','acetato',0,0,'',0,35000,1,1,1),('op7100','c13','aro completo','optic100','acetato',0,0,'',0,35000,1,1,1),('op7139','c9','aro completo','optic100','acetato',0,0,'',0,35000,1,1,1),('op7117','c25','aro completo','optic100','acetato',0,0,'',0,35000,1,1,1),('op7136','c11','aro completo','optic100','acetato',0,0,'',0,35000,1,1,1),('op8032','c1','aro completo','optic100','acetato',0,0,'',0,35000,1,1,1),('op7114','c2','aro completo','optic100','acetato',0,0,'',0,35000,1,1,1),('op6012','c16','aro completo','optic100','acetato',0,0,'',0,35000,1,1,1),('op8006','c10','aro completo','optic100','acetato',0,0,'',0,35000,1,1,1),('op8006','c16','aro completo','optic100','acetato',0,0,'',0,35000,1,1,1),('op8034','c1','aro completo','optic100','acetato',0,0,'',0,35000,1,1,1),('op7109','c6','aro completo','optic100','acetato',0,0,'',0,35000,0,1,1),('op6006','c3','aro completo','optic100','acetato',0,0,'',0,35000,0,1,1),('op6001','c15','aro completo','optic100','acetato',0,0,'',0,35000,1,1,1),('op7107','c1','aro completo','optic100','acetato',0,0,'',0,35000,0,1,1),('op8005','c10','aro completo','optic100','acetato',0,0,'',0,35000,0,1,1),('op7049','c15','aro completo','optic100','acetato',0,0,'',0,35000,1,1,1),('op7121','c1','aro completo','optic100','acetato',0,0,'',0,35000,1,1,1),('op7132','c13','aro completo','optic100','acetato',0,0,'',0,35000,1,1,1),('op8006','c13','aro completo','optic100','acetato',0,0,'',0,35000,1,1,1),('op6011','c13','aro completo','optic100','acetato',0,0,'',0,35000,1,1,1),('op6011','c11','aro completo','optic100','acetato',0,0,'',0,35000,1,1,1),('op6016','c13','aro completo','optic100','acetato',0,0,'',0,35000,1,1,1),('op6016','c20','aro completo','optic100','acetato',0,0,'',0,35000,1,1,1),('op6016','c17','aro competo','optic100','acetato',0,0,'',0,35000,1,1,1),('op6009','c0','aro completo','optic100','acetato',0,0,'',0,35000,1,1,1),('op6009','c21','aro completo','optic100','acetato',0,0,'',0,35000,0,1,1),('op6009','c13','aro completo','optic100','acetato',0,0,'',0,35000,1,1,1),('op6009','c11','aro completo','optic100','acetato',0,0,'',0,35000,1,1,1),('op6003','c0','aro completo','optic100','acetato',0,0,'',0,35000,1,1,1),('op6003','c7','aro completo','optic100','acetato',0,0,'',0,35000,1,1,1),('op8032','c10','aro completo','optic100','acetato',0,0,'',0,35000,1,1,1),('op8032','c2','aro completo','optic100','acetato',0,0,'',0,35000,1,1,1),('op6008','c4','aro completo','optic100','acetato',0,0,'',0,35000,0,1,1),('op6008','c1','aro completo','optic100','acetato',0,0,'',0,35000,0,1,1),('op6002','c3','aro completo','optic100','acetato',0,0,'',0,35000,1,1,1),('op6002','c14','aro completo','optic100','acetato',0,0,'',0,35000,0,1,1),('op6013','c1','aro completo','optic100','acetato',0,0,'',0,35000,0,1,1),('op6013','c11','aro completo','optic100','acetato',0,0,'',0,35000,1,1,1),('bg7401','c29','aro completo','bergman','acetato',0,1,'',0,53000,1,1,1),('bg7401','c18','aro completo','bergman','acetato',0,1,'',0,53000,1,1,1),('bg7401','c53','aro completo','bergman','acetato',0,1,'',0,53000,2,1,1),('bg7459','c55','aro completo','bergman','acetato',0,2,'',0,0,1,1,1),('bg7459','c56','aro completo','bergman','acetato',0,2,'',0,0,1,1,1),('bg7433','c71','aro completo','bergman','acetato',0,2,'',0,0,2,1,1),('bg7421','c14','aro completo','bergman','acetato',0,2,'',0,0,1,1,1),('bg7421','c34','aro completo','bergman','acetato',0,2,'',0,53000,1,1,1),('bg7457','c71','aro completo','bergman','acetato',0,2,'',0,53000,1,1,1),('bg7455','c70','aro completo','bergman','acetato',0,2,'',0,53000,1,1,1),('bg7457','c52','aro completo','bergman','acetato',0,2,'',0,53000,1,1,1),('bg7458','c40','aro completo','bergman','acetato',0,2,'',0,53000,1,1,1),('bg7458','c69','aro completo','bergman','acetato',0,2,'',0,53000,1,1,1),('bg7455','c41','aro completo','bergman','acetato',0,2,'',0,53000,1,1,1),('bg7413','c44','aro completo','bergman','acetato',0,1,'',0,53000,2,1,1),('bg7413','c6','aro completo','bergman','acetato',0,1,'',0,53000,1,1,1),('bg7450','c72','aro completo','bergman','acetato',0,1,'',0,53000,2,1,1),('bg7450','c65','aro completo','bergman','acetato',0,1,'',0,53000,1,1,1),('bg7451','c6','aro completo','bergman','acetato',0,1,'',0,53000,1,1,1),('bg7451','c64','aro completo','bergman','acetato',0,1,'',0,53000,1,1,1),('bg7451','c61','aro completo','bergman','acetato',0,1,'',0,53000,1,1,1),('bg7451','c1','aro completo','bergman','acetato',0,1,'',0,53000,0,1,1),('bg7452','c29','aro completo','bergman','acetato',0,1,'',0,53000,1,1,1),('bg7452','c14','aro completo','bergman','acetato',0,0,'',0,53000,1,1,1),('bg7452','c68','aro completo','bergman','acetato',0,1,'',0,53000,1,1,1),('bg7453','c5','aro completo','bergman','acetato',0,1,'',0,53000,1,1,1),('bg7454','c10','aro completo','bergman','acetato',0,2,'',0,53000,0,1,1),('bg7454','c41','aro completo','bergman','acetato',0,2,'',0,53000,0,1,1),('bg7455','c63','aro completo','bergman','acetato',0,2,'',0,53000,1,1,1),('bg7455','c52','aro completo','bergman','acetato',0,2,'',0,53000,1,1,1),('bg7456','c49','aro completo','bergman','acetato',0,2,'',0,53000,1,1,1),('bg7456','c71','aro completo','bergman','acetato',0,2,'',0,53000,1,1,1),('bg7457','c34','aro completo','bergman','acetato',0,2,'',0,53000,1,1,1),('bg7457','c55','aro completo','bergman','acetato',0,2,'',0,53000,0,1,1),('bg7401','c3','aro completo','bergman','acetato',0,1,'',0,53000,0,1,1),('bg7401','c6','aro completo','bergman','acetato',0,1,'',0,53000,1,1,1),('bg7404','c10','aro completo','bergman','acetato',0,1,'',0,53000,1,1,1),('bg7404','c41','aro completo','bergman','acetato',0,1,'',0,53000,1,1,1),('bg7404','c53','aro completo','bergman','acetato',0,1,'',0,53000,1,1,1),('bg7435','c1','aro completo','bergman','acetato',0,1,'',0,53000,0,1,1),('bg7435','c26','aro completo','bergman','acetato',0,1,'',0,53000,0,1,1),('bg7435','c18','aro completo','bergman','acetato',0,1,'',0,53000,1,1,1),('bg7435','c67','aro completo','bergman','acetato',0,1,'',0,53000,1,1,1),('bg7411','c56','aro completo','bergman','acetato',0,2,'',0,53000,1,1,1),('bg7411','c32','aro completo','bergman','acetato',0,0,'',0,53000,1,1,1),('bg7416','c1','aro completo','bergman','acetato',0,1,'',0,53000,1,1,1),('bg7412','c57','aro completo','bergman','acetato',0,1,'',0,53000,1,1,1),('bg7413','c31','aro completo','bergman','acetato',0,1,'',0,53000,1,1,1),('bg7421','c49','aro completo','bergman','acetato',0,2,'',0,53000,1,1,1),('bg7421','c2','aro completo','bergman','acetato',0,2,'',0,53000,0,1,1),('bg7433','c10','aro completo','bergman','acetato',0,2,'',0,53000,1,1,1),('ddmf6603','c4','aro completo','gatusso','metal',0,2,'',0,35000,0,1,1),('ddmf6603','c5','aro completo','gatusso','metal',0,2,'',0,35000,0,1,1),('ddmf6603','c2','aro completo','gatusso','metal',0,1,'',0,35000,2,1,1),('ddmf6603','c3','aro completo','gatusso','metal',0,2,'',0,35000,5,1,1),('ddmf6603','c1','aro completo','gatusso','metal',0,0,'',0,35000,2,1,1),('g06','mbrown','aro semi aire','gatusso','metal',0,0,'',0,35000,2,1,1),('g06','msilver','semi aire','gatusso','metal',0,0,'',0,35000,1,1,1),('g06','m.gold','semi aire','gatusso','metal',0,0,'',0,35000,3,1,1),('g06','s.blue','semi aire','gatusso','metal',0,0,'',0,35000,3,1,1),('g06','m.black','semi aire','gatusso','metal',0,0,'',0,35000,2,1,1),('g05','m.blue','semi aire','gatusso','metal',0,0,'',0,35000,0,1,1),('g09','m.pink','aro completo','gatusso','metal',0,1,'',0,35000,4,1,1),('g09','m.black','aro completo','gatusso','metal',0,2,'',0,35000,5,1,1),('g05','s.purple','semi aire','gatusso','metal',0,1,'',0,35000,4,1,1),('g09','m.purple','aro completo','gatusso','metal',0,1,'',0,35000,2,1,1),('g09','m.wine','aro completo','gatusso','metal',0,1,'',0,35000,3,1,1),('g09','m.blue','aro completo','gatusso','metal',0,2,'',0,35000,1,1,1),('g17','s.black','aro completo','gatusso','acetato',0,0,'',0,35000,5,1,1),('g17','m.red','aro completo','gatusso','acetato',0,0,'',0,35000,2,1,1),('g17','s.black/clear','aro completo','gatusso','acetato',0,0,'',0,35000,2,1,1),('g5','s.blue','semi al aire','gatusso','metal',0,0,'',0,35000,2,1,1),('g05','s.black','semi aire','gatusso','metal',0,0,'',0,35000,3,1,1),('ddmf6616','green','semi aire','gatusso','metal',0,0,'',0,35000,2,1,1),('g05','s.wine','semi aire','gatusso','metal',0,0,'',0,35000,3,1,1),('g05','s.pink','semi aire','gatusso','metal',0,1,'',0,35000,4,1,1),('ddmf17017','gold','semi aire','gatusso','metal',0,0,'',0,35000,2,1,1),('ddmf17017','silver','semi aire','gatusso','metal',0,1,'',0,35000,2,1,1),('xdpd310054','2','aro completo','gatusso','acetato',0,1,'',0,35000,2,1,1),('g07','s.purple','semi al aire','gatusso','metal',0,1,'',0,35000,2,1,1),('xdpd310054','c1','aro completo','gatusso','acetato',0,1,'',0,35000,1,1,1),('g07','s.black','semi al aire','gatusso','metal',0,0,'',0,35000,2,1,1),('xdpd310052','c2','aro completo','gatusso','acetato',0,1,'',0,35000,1,1,1),('g07','s.wine','semi al aire','gatusso','metal',0,0,'',0,35000,1,1,1),('ddmf17009','red','semi aire','gatusso','metal',0,1,'',0,35000,2,1,1),('ddmf6617','green','semi aire','gatusso','metal',0,0,'',0,35000,3,1,1),('ddmf6602','m.purple','aro completo','gatusso','metal',0,1,'',0,35000,1,1,1),('xdpd310052','c1','aro completo','gatusso','acetato',0,0,'',0,35000,0,1,1),('ddmf6609','s.blue','aro completo','gatusso','metal',0,0,'',0,35000,3,1,1),('g08','s.blue','aro completo','gatusso','metal',0,0,'',0,35000,3,1,1),('g08','s.black','aro completo','gatusso','metal',0,0,'',0,35000,4,1,1),('g08','s.purple','aro completo','gatusso','metal',0,1,'',0,35000,3,1,1),('g08','s.pink','aro completo','gatusso','metal',0,1,'',0,35000,3,1,1),('g15','s.black','aro completo','gatusso','',0,2,'',0,35000,1,1,1),('g08','s.wine','aro completo','gatusso','metal',0,0,'',0,35000,3,1,1),('g16','s.gun','aro completo','gatusso','metal',0,2,'',0,35000,3,1,1),('ddmf17014','brown','semi aire','gatusso','metal',0,0,'',0,35000,3,1,1),('g16','s.gold','aro completo','gatusso','metal',0,0,'',0,35000,0,1,1),('ddmf17016','l.purple','semi aire','gatusso','metal',0,1,'',0,35000,2,1,1),('g15','s.gold','aro completo','gatusso','metal',0,0,'',0,35000,1,1,1),('g04','s.blue','semi aire','gatusso','metal',0,0,'',0,35000,2,1,1),('g04','s.pink','semi aire','gatusso','metal',0,1,'',0,35000,4,1,1),('g04','s.purple','semi aire','gatusso','metal',0,1,'',0,35000,2,1,1),('g04','s.wine','semi aire','gatusso','metal',0,0,'',0,35000,2,1,1),('ddmf17012','rose','semi aire','gatusso','metal',0,1,'',0,35000,1,1,1),('ddmf17008','rose','semi aire','gatusso','metal',0,1,'',0,35000,1,1,1),('ddmf17008','black','semi aire','gatusso','metal',0,0,'',0,35000,1,1,1),('g03','brown','semi aire','gatusso','metal',0,0,'',0,35000,1,1,1),('g04','wine','semi aire','gatusso','metal',0,0,'',0,35000,2,1,1),('ddmf17014','s.blue','semi aire','gatusso','metal',0,2,'',0,35000,2,1,1),('g03','silver','semi aire','gatusso','metal',0,0,'',0,35000,2,1,1),('ddmf17012','s.pink','semi aire','gatusso','metal',0,1,'',0,35000,1,1,1),('ddmf025','s.d.rose','semi aire','gatusso','metal',0,1,'',0,35000,1,1,1),('ddmf17015','s.black','semi aire','gatusso','metal',0,0,'',0,35000,2,1,1),('ddmf17011','s.purple','semi aire','gatusso','metal',0,1,'',0,35000,1,1,1),('ddmf6604','s.purple','aro completo','gatusso','metal',0,1,'',0,35000,1,1,1),('g01','s.blue','aro completo','gatusso','metal',0,0,'',0,35000,1,1,1),('g14','s.black','semi aire','gatusso','metal',0,0,'',0,35000,1,1,1),('g03','s.blue','semi aire','gatusso','metal',0,2,'',0,35000,0,1,1),('ddmf17014','s.black','semi aire','gatusso','metal',0,2,'',0,35000,1,1,1),('ddmf17014','silver','semi aire','gatusso','metal',0,0,'',0,35000,0,1,1),('g04','s.black','semi aire','gatusso','metal',0,2,'',0,35000,0,1,1),('g03','s.black','semi aire','gatusso','metal',0,2,'',0,35000,0,1,1),('g14','silver','semi aire','gatusso','metal',0,0,'',0,35000,1,1,1),('al4418','c17','aro completo','alterna','acetato',0,0,'',0,23000,1,1,1),('al4486','c5','aro completo','alterna','acetato',0,0,'',0,23000,1,1,1),('al4480','c12','aro completo','alterna','acetato',0,1,'',0,23000,1,1,1),('al4478','c12','aro cpompleto','alterna','acetato',0,1,'',0,23000,1,1,1),('al4472','c14','aro completo','alterna','acetato',0,0,'',0,23000,1,1,1),('al4501','c10','aro completo','alterna','acetato',0,0,'',0,23000,1,1,1),('al4501','c16','aro completo','alterna','acetato',0,0,'',0,23000,1,1,1),('al4472','c15','aro completo','alterna','acetato',0,1,'',0,23000,2,1,1),('al4418','c57','aro completo','alterna','acetato',0,1,'',0,23000,2,1,1),('al4478','c9','aro completo','alterna','acetato',0,0,'',0,23000,3,1,1),('al4472','c13','aro completo','alterna','acetato',0,1,'',0,23000,1,1,1),('al4491','c5','aro completo','alterna','acetato',0,2,'',0,23000,1,1,1),('al4469','c18','aro completo','alterna','acetato',0,0,'',0,23000,2,1,1),('al4418','c9','aro completo','alterna','acetato',0,0,'',0,23000,2,1,1),('al4418','c24','aro completo','alterna','acetato',0,1,'',0,23000,1,1,1),('al4491','c18','aro completo','alterna','acetato',0,2,'',0,23000,1,1,1),('al4472','c18','aro completo','alterna','acetato',0,0,'',0,23000,1,1,1),('al4469','c10','aro completo','alterna','acetato',0,0,'',0,23000,2,1,1),('al4491','c6','aro completo','alterna','acetato',0,0,'',0,23000,1,1,1),('al4473','c19','aro completo','alterna','acetato',0,0,'',0,23000,1,1,1),('al4473','c6','aro completo','alterna','acetato',0,0,'',0,23000,1,1,1),('al4471','c5','aro completo','alterna','acetato',0,0,'',0,23000,1,1,1),('al4481','c7','aro completo','alterna','acetato',0,1,'',0,23000,1,1,1),('al4501','c7','aro completo','alterna','acetato',0,1,'',0,23000,1,1,1),('al4418','c23','aro completo','alterna','acetato',0,1,'',0,23000,1,1,1),('al4478','c24','aro completo','alterna','acetato',0,1,'',0,23000,1,1,1),('al4491','c1','aro completo','alterna','acetato',0,0,'',0,23000,1,1,1),('al4477','c13','aro completo','alterna','acetato',0,1,'',0,23000,1,1,1),('al4440','c13','aro completo','alterna','acetato',0,0,'',0,23000,1,1,1),('al4491','c2','aro completo','alterna','acetato',0,0,'',0,23000,1,1,1),('al4434','c2','aro completo','alterna','acetato',0,0,'',0,23000,1,1,1),('al4501','c9','aro completo','alterna','acetato',0,0,'',0,23000,1,1,1),('al4453','c2','aro completo','alterna','acetato',0,0,'',0,23000,1,1,1),('al4477','c15','aro completo','alterna','acetato',0,1,'',0,23000,1,1,1),('al4472','c5','aro completo','alterna','acetato',0,0,'',0,23000,1,1,1),('al4486','c2','aro completo','alterna','acetato',0,0,'',0,23000,1,1,1),('al4464','c9','aro completo','alterna','acetato',0,0,'',0,23000,1,1,1),('al4484','c2','aro completo','alterna','acetato',0,0,'',0,23000,1,1,1),('al4418','c21','aro completo','alterna','acetato',0,0,'',0,23000,1,1,1),('al4486','c21','aro completo','alterna','acetato',0,0,'',0,23000,0,1,1),('al4434','c6','aro completo','alterna','acetato',0,0,'',0,23000,0,1,1),('al4434','c5','aro completo','alterna','acetato',0,0,'',0,23000,0,1,1),('al4434','c1','aro completo','alterna','acetato',0,2,'',0,23000,0,1,1),('al4434','c4','aro completo','alterna','acetato',0,2,'',0,23000,0,1,1),('al4486','c26','aro completo','alterna','acetato',0,0,'',0,23000,1,1,1),('al4478','c10','aro completo','alterna','acetato',0,0,'',0,23000,2,1,1),('al4464','c26','aro completo','alterna','acetato',0,0,'',0,23000,2,1,1),('al4472','c26','aro completo','alterna','acetato',0,0,'',0,23000,1,1,1),('al4464','c15','aro completo','alterna','acetato',0,0,'',0,23000,0,1,1),('al4464','c20','aro completo','alterna','acetato',0,0,'',0,23000,1,1,1),('aql4464','c14','aro completo','alterna','acetato',0,0,'',0,23000,1,1,1),('al4464','c23','aqro completo','alterna','acetato',0,0,'',0,23000,1,1,1),('al4464','c6','aro completo','alterna','acetato',0,0,'',0,23000,1,1,1),('al4473','c21','aro completo','alterna','acetato',0,2,'',0,23000,1,1,1),('al4461','c26','aro completo','alterna','acetato',0,0,'',0,23000,1,1,1),('al4461','c6','aro completo','alterna','acetato',0,2,'',0,23000,1,1,1),('al4461','c8','aro completo','alterna','acetato',0,2,'',0,23000,2,1,1),('al4508','c5','aro completo','alterna','acetato',0,0,'',0,23000,3,1,1),('al4508','c1','aro completo','alterna','acetato',0,0,'',0,23000,2,1,1),('al4501','c14','aro completo','alterna','acetato',0,0,'',0,23000,1,1,1),('al4471','c1','aro completo','alterna','acetato',0,0,'',0,23000,1,1,1),('al4472','c4','aro completo','alterna','acetato',0,0,'',0,23000,1,1,1),('pr3518','c2','aro completo','pierre robert','metal',0,0,'',0,29000,1,1,1),('pr3518','c7','aro completo','pierre robert','metal',0,0,'',0,29000,1,1,1),('pr3518','c4','aro completo','pierre robert','metal',0,0,'',0,29000,1,1,1),('pr3518','c1','aro completo','pierre robert','metal',0,0,'',0,29000,1,1,1),('pt3516','c1','aro completo','pierre robert','metal',0,0,'',0,29000,1,1,1),('pr3516','c5','aro completo','pierre robert','metal',0,0,'',0,29000,0,1,1),('pr3516','c6','aro completo','pierre robert','metal',0,0,'',0,29000,0,1,1),('pr3516','c9','aro completo','pierre robert','metal',0,0,'',0,29000,1,1,1),('pr3516','c11','aro completo','pierre robert','metal',0,0,'',0,29000,1,1,1),('pr3514','c1','semi al aire','pierre robert','metal',0,0,'',0,29000,1,1,1),('po3514','c3','semi al aire','pierre robert','metal',0,0,'',0,29000,1,1,1),('pr3514','c4','semi al aire','pierre robert','metal',0,0,'',0,29000,1,1,1),('pr3514','c5','semi al aire','pierre robert','metal',0,0,'',0,29000,1,1,1),('op026','rosa','aro completo','optic100','metal',0,1,'',0,23000,0,1,1),('op006','gun','aro completo','optic100','metal',0,2,'',0,23000,0,1,1),('op069','negro','aro completo','optic100','metal',0,2,'',0,23000,1,1,1),('op068','negro','aro completo','optic100','metal',0,0,'',0,23000,1,1,1),('op069','gun','aro completo','optic100','metal',0,0,'',0,23000,1,1,1),('pr3479','c7','aro completo','pierre robert','metal',0,0,'',0,29000,1,1,1),('op061','negro','aro completo','optic100','metal',0,2,'',0,23000,1,1,1),('op071','burdeo','aro completo','optic100','metal',0,0,'',0,23000,1,1,1),('op054b','cafe','aro completo','optic100','metal',0,0,'',0,23000,1,1,1),('op054b','rosa','aro completo','optic100','metal',0,0,'',0,23000,1,1,1),('op009','negro','aro completo','optic100','metal',0,0,'',0,23000,1,1,1),('pr3479','c3','aro completo','pierre robert','metal',0,0,'',0,29000,1,1,1),('op031','rosa','aro completo','optic100','metal',0,1,'',0,23000,1,1,1),('op038','burdeo','aro completo','optic100','metal',0,0,'',0,23000,1,1,1),('op015','rosa','semi aire','optic100','metal',0,1,'',0,23000,1,1,1),('pr3479','c2','aro completo','pierre robert','metal',0,0,'',0,29000,1,1,1),('op010','cafe','semi aire','optic100','metal',0,2,'',0,23000,1,1,1),('op009','gun','aro completo','optic100','metal',0,0,'',0,23000,1,1,1),('pr3475','c2','aro completo','pierre robert','metal',0,0,'',0,29000,1,1,1),('op015','burdeo','semi aire','optic100','metal',0,0,'',0,23000,1,1,1),('op070','cafe','aro completo','optic100','metal',0,0,'',0,23000,1,1,1),('pr3508','c6','aro completo','pierre robert','metal',0,0,'',0,29000,1,1,1),('op070','burdeo','aro completo','optic100','metal',0,0,'',0,23000,1,1,1),('op012','azul','semi aire','optic100','metal',0,0,'',0,23000,1,1,1),('pr3508','c5','aro completo','pierre robert','metal',0,0,'',0,29000,1,1,1),('op071','oro','aro completo','optic100','metal',0,0,'',0,23000,1,1,1),('op021','cafe','aro completo','optic100','metal',0,0,'',0,23000,1,1,1),('op031','cafe','aro completo','optic100','metal',0,0,'',0,23000,1,1,1),('pr3508','c3','aro completo','pierre robert','metal',0,0,'',0,29000,1,1,1),('op067','gun','aro completo','optic100','metal',0,2,'',0,23000,1,1,1),('op068','gun','aro completo','optic100','metal',0,0,'',0,23000,1,1,1),('pr3508','c11','aro completo','pierre robert','metal',0,0,'',0,29000,1,1,1),('op061','cafe','aro completo','optic100','metal',0,0,'',0,23000,1,1,1),('op064','burdeo','aro completo','optic100','metal',0,0,'',0,23000,1,1,1),('pr3508','c9','aro completo','pierer robert','metal',0,0,'',0,29000,0,1,1),('op025','gun','aro completo','optic100','metal',0,0,'',0,23000,1,1,1),('op013','gun','aro completo','optic100','metal',0,0,'',0,23000,1,1,1),('op067','negro','aro completo','optic100','metal',0,0,'',0,23000,1,1,1),('op059','oro','aro completo','optic100','metal',0,0,'',0,23000,1,1,1),('op021','azul','aro completo','optic100','metal',0,0,'',0,23000,1,1,1),('c007','azul','aro completo','cnx','metal',0,2,'',0,23000,0,1,1),('c018','azul','aro completo','cnx','metal',0,0,'',0,23000,0,1,1),('c013','azul','aro completo','cnx','metal',0,0,'',0,23000,0,1,1),('c005','azul','aro completo','cnx','metal',0,0,'',0,23000,0,1,1),('c009','azul','aro completo','cnx','metal',0,2,'',0,23000,0,1,1),('c016','gun','aro completo','cnx','metal',0,0,'',0,23000,0,1,1),('c018','negro','aro completo','cnx','metal',0,0,'',0,23000,0,1,1),('c017','lila','aro completo','cnx','metal',0,0,'',0,23000,1,1,1),('pr3450','c7','aro completo','pierre robert','metal',0,0,'',0,29000,1,1,1),('c014','azul','aro completo','cnx','metal',0,2,'',0,23000,1,1,1),('13xx10220','s.black','aro completo','honlhin','metal',0,0,'',0,29000,0,1,1),('16xx016b','s.black','semi aire','honlhin','metal',0,0,'',0,29000,0,1,1),('16xx016b','s.gun','semi aire','honlhin','metal',0,0,'',0,29000,1,1,1),('pr3472','c12','semi al aire','pierre robert','metal',0,0,'',0,29000,0,1,1),('pr3472','c2','semi al aire','pierre robert','metal',0,0,'',0,29000,0,1,1),('13xx1022o','s.d.brown','aro completo','honlhin','metal',0,0,'',0,29000,1,1,1),('12hs1007','s.blue','aro completo','honlhin','metal',0,0,'',0,29000,1,1,1),('g13','s.gold','aire','gatusso','metal',0,0,'',0,35000,1,1,1),('g13','s.blue','aire','gatusso','metal',0,0,'',0,35000,1,1,1),('18qf7','cafe','aro completo','carlos rossi','acetato',0,0,'',0,35000,1,1,1),('16hy097','s.l.pink','aro cpompleto','carlos rossi','metal',0,0,'',0,35000,0,1,1),('qf14','lila','aro completo','carlos rossi','acetato',0,1,'',0,35000,2,1,1),('qf14','wine','aro completo','carlos rossi','acetato',0,0,'',0,35000,2,1,1),('qf15','negro/rosa','aro completo','carlos rossi','acetato',0,1,'',0,35000,2,1,1),('qf17','negro','aro completo','carlos rossi','acetato',0,0,'',0,35000,1,1,1),('qf17','cafe','aro completo','carlos rossi','acetato',0,0,'',0,35000,1,1,1),('18qf4','negro','aro completo','carlos rossi','acetato',0,0,'',0,35000,1,1,1),('18qf1','negro','aro completo','carlos rossi','acetato',0,0,'',0,35000,1,1,1),('18qf1','cafe','aro completo','carlos rossi','acetato',0,0,'',0,35000,1,1,1),('18qf5','negro','aro completo','carlos rossi','acetato',0,0,'',0,35000,1,1,1),('18qf6','negro','aro completo','carlos rossi','acetato',0,0,'',0,35000,1,1,1),('pr3478','c5','aro completo','pierre robert','metal',0,0,'',0,29000,0,1,1),('18qf5','cafe','aro completo','carlos rossi','acetato',0,0,'',0,35000,1,1,1),('fm07','c4','aro completo','formosa','acetato',0,0,'',0,70000,3,1,1),('fm08','c4','aro completo','formosa','acetato',0,0,'',0,70000,3,1,1),('pr3478','c8','aro comleto','pierre robert','metal',0,0,'',0,29000,0,1,1),('pr3476','c3','aro completo','pierre robert','metal',0,0,'',0,29000,0,1,1),('pr3476','c5','aro completo','pierre robert','metal',0,0,'',0,29000,0,1,1),('fm08','c3','aro completo','formosa','acetato',0,0,'',0,70000,3,1,1),('pr3476','c8','aro completo','pierre robert','metal',0,0,'',0,29000,0,1,1),('fm06b','c5','aro completo','formosa','acetato',0,0,'',0,70000,2,1,1),('pr3476','c10','aro completo','perre robert','metal',0,0,'',0,29000,0,1,1),('fm07','c3','aro completo','formosa','acetato',0,0,'',0,70000,2,1,1),('fm06b','c4','aro completo','formosa','acetato',0,0,'',0,70000,3,1,1),('pr3476','c11','aro completo','pierre robert','metal',0,0,'',0,29000,0,1,1),('fm08','c1','aro completo','formosa','acetato',0,0,'',0,70000,1,1,1),('fm05b','c1','aro completo','formosa','',0,0,'',0,70000,2,1,1),('fm04b','c1','aro completo','formosa','acetato',0,0,'',0,70000,6,1,1),('fm04b','c3','aro completo','formosa','acetato',0,0,'',0,70000,4,1,1),('fm04b','c2','aro completo','formosa','acetato',0,0,'',0,70000,3,1,1),('fm06b','c3','aro completo','formosa','acetato',0,0,'',0,70000,3,1,1),('fm04b','c4','aro completo','formosa','acetato',0,0,'',0,70000,2,1,1),('fm06b','c2','aro completo','formosa','acetato',0,0,'',0,70000,4,1,1),('fm06b','c1','aro completo','formosa','acetato',0,0,'',0,70000,3,1,1),('fm05b','c3','aro completo','formosa','acetato',0,0,'',0,70000,1,1,1),('fm09','c5','aro completo','formosa','acetato',0,0,'',0,70000,1,1,1),('fm05b','c2','aro completo','formosa','acetato',0,0,'',0,70000,3,1,1),('fm09','c2','aro completo','formosa','acetato',0,0,'',0,70000,1,1,1),('fm05b','c4','aro completo','formosa','acetato',0,0,'',0,70000,4,1,1),('af09','c3','aro completo','formosa','acetato',0,0,'',0,70000,1,1,1),('fm05b','c5','aro completo','formosa','acetato',0,0,'',0,70000,2,1,1),('fm07','c2','aro completo','formosa','acetato',0,0,'',0,70000,2,1,1),('d16514','c4','aro completo','di monti','acetato',0,0,'',0,79000,1,1,1),('d16509','c3','aro completo','di monti','acetato',0,0,'',0,79000,1,1,1),('d16514','c2','aro completo','di monti','acetato',0,0,'',0,79000,1,1,1),('d16514','c1','aro completo','di monti','acetato',0,0,'',0,79000,1,1,1),('d16506','c4','aro completo','di monti','acetato',0,0,'',0,79000,1,1,1),('cp15714','c2','aro completo','cnx','acetato',0,2,'',0,49000,1,1,1),('cp17405','c1','aro completo','cnx','acetato',0,2,'',0,49000,1,1,1),('cp16707','c4','aro completo','cnx','acetato',0,2,'',0,49000,1,1,1),('sp17223','c1','aro completo','saturday','acetato',0,0,'',0,49000,1,1,1),('cp17405','c4','aro completo','cnx','acetato',0,2,'',0,49000,1,1,1),('cp17404','c3','aro completo','cnx','acetato',0,0,'',0,49000,1,1,1),('sp17202','c2','aro completo','saturday','acetato',0,0,'',0,49000,1,1,1),('cp15714','c3','aro completo','cnx','acetato',0,0,'',0,49000,1,1,1),('cp16707','c2','aro completo','cnx','acetato',0,2,'',0,49000,1,1,1),('lt006','c2','aro completo','lavanett','acetato',0,0,'',0,99000,1,1,1),('lt007','c2','aro completo','lavanett','acetato',0,0,'',0,99000,1,1,1),('cp17412','c1','aro completo','cnx','acetato',0,1,'',0,49000,1,1,1),('cp17412','c4','aro completo','cnx','acetato',0,0,'',0,49000,1,1,1),('lt007','c1','aro completo','lavanett','acetato',0,0,'',0,99000,1,1,1),('cp17403','c4','aro completo','cnx','acetato',0,0,'',0,49000,2,1,1),('lt008','c3','aro completo','lavanett','acetato',0,0,'',0,99000,1,1,1),('lt004','c3','aro completo','lavanett','acetato',0,0,'',0,99000,1,1,1),('lt008','c1','aro completo','lavanett','acetato',0,0,'',0,99000,1,1,1),('cp16710','c2','aro completo','cnx','acetato',0,0,'',0,49000,1,1,1),('cp16710','c3','aro completo','cnx','acetato',0,1,'',0,49000,1,1,1),('lt004','c1','aro completo','lavanett','acetato',0,0,'',0,99000,1,1,1),('cp17412','c3','aro completo','cnx','acetato',0,1,'',0,49000,1,1,1),('lt003','c3','aro cmpleto','lavanett','acetato',0,0,'',0,99000,1,1,1),('cp17406','c2','aro completo','cnx','acetato',0,2,'',0,49000,1,1,1),('lt001','c2','aro completo','lavanett','acetato',0,0,'',0,99000,1,1,1),('cp15711','c3','aro completo','cnx','acetato',0,2,'',0,49000,1,1,1),('lt007','c3','aro completo','lavanett','acetato',0,0,'',0,99000,0,1,1),('lt002','c2','aro completo','lavanett','acetato',0,0,'',0,99000,1,1,1),('cp17406','c3','aro completo','cnx','acetato',0,2,'',0,49000,1,1,1),('lt004','c2','aro completo','lavanett','acetato',0,0,'',0,99000,1,1,1),('cp16704','c3','aro completo','cnx','acetato',0,0,'',0,49000,1,1,1),('cp16708','c4','aro completo','cnx','acetato',0,0,'',0,49000,1,1,1),('lt007','c4','aro completo','lavanett','acetato',0,0,'',0,99000,1,1,1),('cp17408','c2','aro completo','cnx','acetato',0,1,'',0,49000,1,1,1),('cp17417','c3','aro completo','cnx','acetato',0,1,'',0,49000,1,1,1),('lt006','c4','aro completo','lavanett','acetato',0,0,'',0,99000,1,1,1),('lt003','c4','aro completo','lavanett','acetato',0,0,'',0,99000,1,1,1),('cp000','c1','aro completo','cnx','acetato',0,1,'',0,49000,1,1,1),('cp000','c2','aro completo','cnx','acetato',0,1,'',0,49000,1,1,1),('cp000','c3','aro completo','cnx','acetato',0,1,'',0,49000,1,1,1),('lt003','c2','aro completo','lavanett','acetato',0,0,'',0,99000,1,1,1),('sp16607','c3','aro completo','saturday','acetato',0,0,'',0,49000,1,1,1),('sp16615','c2','aro completo','saturday','acetato',0,0,'',0,49000,1,1,1),('kf14029','c8','aro completo','bergman','metal',0,0,'',0,29000,1,1,1),('kf14029','c4','aro completo','bergman','metal',0,0,'',0,29000,2,1,1),('kf14029','c3','aro completo','bergman','metal',0,0,'',0,29000,1,1,1),('kf14029','c2','aro completo','bergman','metal',0,0,'',0,29000,1,1,1),('st15017','c3','aro completo','verpa','acetato',0,0,'',0,29000,1,1,1),('dm7505','c5','aro completo','di monti','metal',0,0,'',0,72000,1,1,1),('pr3514','c8','semi aire','pierre robert','metal',0,1,'',0,29000,0,1,1),('qf16','c01','aro completo','carlos rossi','acetato',0,0,'',0,35000,0,1,1),('17xdls014','c6','aro completo','sillonette','acetato',0,1,'',0,35000,0,1,1);
/*!40000 ALTER TABLE `lente` ENABLE KEYS */;
UNLOCK TABLES;

--
-- Table structure for table `registro_bajas`
--

DROP TABLE IF EXISTS `registro_bajas`;
/*!40101 SET @saved_cs_client     = @@character_set_client */;
/*!40101 SET character_set_client = utf8 */;
CREATE TABLE `registro_bajas` (
  `rb_id` int(11) NOT NULL,
  `rb_fecha` date NOT NULL,
  `lente_len_id` varchar(25) COLLATE utf8_spanish_ci NOT NULL,
  `rb_cantidad` int(11) NOT NULL,
  `rb_obs` text COLLATE utf8_spanish_ci NOT NULL
) ENGINE=MyISAM DEFAULT CHARSET=utf8 COLLATE=utf8_spanish_ci;
/*!40101 SET character_set_client = @saved_cs_client */;

--
-- Dumping data for table `registro_bajas`
--

LOCK TABLES `registro_bajas` WRITE;
/*!40000 ALTER TABLE `registro_bajas` DISABLE KEYS */;
/*!40000 ALTER TABLE `registro_bajas` ENABLE KEYS */;
UNLOCK TABLES;

--
-- Table structure for table `registro_venta`
--

DROP TABLE IF EXISTS `registro_venta`;
/*!40101 SET @saved_cs_client     = @@character_set_client */;
/*!40101 SET character_set_client = utf8 */;
CREATE TABLE `registro_venta` (
  `rv_id` int(11) NOT NULL,
  `rv_estado` int(11) NOT NULL,
  `ficha_fch_id` int(11) NOT NULL,
  `use_us_id` int(11) NOT NULL
) ENGINE=MyISAM DEFAULT CHARSET=utf8 COLLATE=utf8_spanish_ci;
/*!40101 SET character_set_client = @saved_cs_client */;

--
-- Dumping data for table `registro_venta`
--

LOCK TABLES `registro_venta` WRITE;
/*!40000 ALTER TABLE `registro_venta` DISABLE KEYS */;
/*!40000 ALTER TABLE `registro_venta` ENABLE KEYS */;
UNLOCK TABLES;

--
-- Table structure for table `tipo_pago`
--

DROP TABLE IF EXISTS `tipo_pago`;
/*!40101 SET @saved_cs_client     = @@character_set_client */;
/*!40101 SET character_set_client = utf8 */;
CREATE TABLE `tipo_pago` (
  `tp_id` int(11) NOT NULL,
  `tp_nombre` varchar(45) COLLATE utf8_spanish_ci NOT NULL,
  `tp_estado` int(11) NOT NULL,
  PRIMARY KEY (`tp_id`)
) ENGINE=MyISAM DEFAULT CHARSET=utf8 COLLATE=utf8_spanish_ci;
/*!40101 SET character_set_client = @saved_cs_client */;

--
-- Dumping data for table `tipo_pago`
--

LOCK TABLES `tipo_pago` WRITE;
/*!40000 ALTER TABLE `tipo_pago` DISABLE KEYS */;
INSERT INTO `tipo_pago` VALUES (1,'Efectivo',1),(2,'Transbank',1),(3,'Cheque',1);
/*!40000 ALTER TABLE `tipo_pago` ENABLE KEYS */;
UNLOCK TABLES;

--
-- Table structure for table `user`
--

DROP TABLE IF EXISTS `user`;
/*!40101 SET @saved_cs_client     = @@character_set_client */;
/*!40101 SET character_set_client = utf8 */;
CREATE TABLE `user` (
  `us_id` int(11) NOT NULL,
  `us_nombre` varchar(45) COLLATE utf8_spanish_ci NOT NULL,
  `us_pass` varchar(25) COLLATE utf8_spanish_ci NOT NULL,
  `us_tipo` int(11) NOT NULL,
  `us_estado` int(11) NOT NULL
) ENGINE=MyISAM DEFAULT CHARSET=utf8 COLLATE=utf8_spanish_ci;
/*!40101 SET character_set_client = @saved_cs_client */;

--
-- Dumping data for table `user`
--

LOCK TABLES `user` WRITE;
/*!40000 ALTER TABLE `user` DISABLE KEYS */;
INSERT INTO `user` VALUES (1,'Alexis','alexis2017',1,1),(2,'Jeka','6176',1,1),(3,'Roxana','1796',1,1),(4,'Root','jo.leivas',1,1);
/*!40000 ALTER TABLE `user` ENABLE KEYS */;
UNLOCK TABLES;

--
-- Dumping routines for database 'sdxod'
--
/*!40103 SET TIME_ZONE=@OLD_TIME_ZONE */;

/*!40101 SET SQL_MODE=@OLD_SQL_MODE */;
/*!40014 SET FOREIGN_KEY_CHECKS=@OLD_FOREIGN_KEY_CHECKS */;
/*!40014 SET UNIQUE_CHECKS=@OLD_UNIQUE_CHECKS */;
/*!40101 SET CHARACTER_SET_CLIENT=@OLD_CHARACTER_SET_CLIENT */;
/*!40101 SET CHARACTER_SET_RESULTS=@OLD_CHARACTER_SET_RESULTS */;
/*!40101 SET COLLATION_CONNECTION=@OLD_COLLATION_CONNECTION */;
/*!40111 SET SQL_NOTES=@OLD_SQL_NOTES */;

-- Dump completed on 2017-11-08 13:34:35
